County FIPS code,Size of adjusted gross income by county,Number of returns,Number of joint returns,Number with paid preparer's signature,Number of exemptions,Number of dependents,Adjusted gross income (AGI),Salaries and wages in AGI Number of returns,Salaries and wages in AGI Amount,Taxable interest Number of returns,Taxable interest Amount,Ordinary dividends Number of returns,Ordinary dividends Amount,Qualified dividends Number of returns,Qualified dividends Amount,Business or profession net income (less loss) Number of returns,Business or profession net income (less loss) Amount,Number of farm returns,Net capital gain (less loss) in AGI Number of returns,Net capital gain (less loss) in AGI Amount,Taxable individual retirement arrangement distributions Number of returns,Taxable individual retirement arrangement distributions Amount,Pensions and annuities in AGI Number of returns,Pensions and annuities in AGI Amount,Unemployment compensation Number of returns,Unemployment compensation Amount,Social Security benefits in AGI Number of returns,Social Security benefits in AGI Amount,Self-employment retirement plans Number of returns,Self-employment retirement plans Amount,Total itemized deductions Number of returns,Total itemized deductions Amount,State and local income taxes Number of returns,State and local income taxes Amount,State and local general sales taxes Number of returns,State and local general sales taxes Amount,Real estate taxes Number of returns,Real estate taxes Amount,Taxes paid Number of returns,Taxes paid Amount,Mortgage interest paid Number of returns,Mortgage interest paid Amount,Contributions Number of returns,Contributions Amount,Taxable income Number of returns,Taxable income Amount,Total tax credits Number of returns,Total tax credits Amount,Residential energy credit Number of returns,Residential energy credit Amount,Child tax credit Number of returns,Child tax credit Amount,Child and dependent care credit Number of returns,Child and dependent care credit Amount,Additional child tax credit Number of returns,Additional child tax credit Amount,Earned income credit Number of returns,Earned income credit Amount,Excess earned income credit (refundable) Number of returns,Excess earned income credit (refundable) Amount,Alternative minimum tax Number of returns,Alternative minimum tax Amount,Income tax Number of returns,Income tax Amount,Total tax liability Number of returns,Total tax liability Amount,Tax due at time of filing Number of returns,Tax due at time of filing Amount,Overpayments refunded  Number of returns,Overpayments refunded  Amount
0,MARYLAND,2786742,968403,1450898,5456719,1735508,190878544,2357841,142327220,1256247,2376123,599131,3264354,538430,2350894,458394,5402484,12152,430783,4405911,231977,3532206,546220,14099717,201792,1488737,312232,3894219,26189,598565,1353529,38347012,1232405,10082647,72313,62399,1124964,4658222,1347550,15021602,1025411,12764320,1135247,4777913,2243084,126499047,996883,1299758,177634,173468,446909,523972,171911,100686,327737,413910,412158,859469,359798,737871,136194,820346,2000155,23622931,2145766,24704775,506589,1996229,2198468,7512968
0,Under $1,36356,8419,23001,47535,9598,-341215,10228,313698,15018,101942,12343,53602,11298,34844,10478,-176026,1135,15135,100940,2079,42168,2908,46421,736,6172,61,342,97,1610,0,0,0,0,0,0,0,0,0,0,0,0,0,0,0,0,166,368,0,0,40,48,0,0,1870,2887,3535,4116,2579,2857,110,3313,110,3023,5271,15185,2497,4623,15694,118049
0,"$1 under $25,000",902823,87280,450047,1269614,373209,11165796,698807,8389238,200826,172248,92172,155285,81078,91762,145639,865989,2275,61355,-25139,43606,238084,109598,1033034,78923,570355,31197,57244,606,3071,107417,1594405,60288,81209,31921,15958,65648,201491,103972,310888,53575,476981,69026,129995,429367,2558607,137421,55560,4172,1716,39596,14242,12572,4962,188562,219724,290181,670119,259175,580145,228,364,328069,219089,435559,379588,99497,58921,746377,1496617
0,"$25,000 under $50,000",644309,130828,329534,1204349,385396,23504171,564219,19323560,211807,200515,78925,184192,69226,115904,81076,448984,2049,51062,9230,43650,363403,114510,2062823,56417,430293,86011,535124,1231,9369,245867,4077431,212656,497406,21541,17183,166121,480452,244348,1028873,151275,1306003,188783,491495,616317,12255450,272604,272300,24413,17631,144068,133689,44900,30041,112885,159124,118442,185234,98044,154869,179,598,502195,1273913,526656,1396709,90690,125812,550044,1443974
0,"$50,000 under $75,000",401148,148541,214411,804619,242382,24692841,351566,19635058,212121,223414,83904,237368,74083,155289,59856,394248,1795,55574,26256,40401,444424,97641,2529076,27505,199147,68770,915452,1592,15647,264762,5493224,247712,955320,9020,11019,214989,675411,264158,1682729,198482,1930108,218628,654617,397205,15314004,171859,248059,34376,28995,100713,143938,26475,15665,19923,26185,0,0,0,0,1577,2161,375600,1990687,381974,2099357,78772,157794,321255,1012471
0,"$75,000 under $100,000",267148,154443,142810,618992,192261,23157199,238350,18313655,177443,207634,77533,246364,68976,167606,46408,404507,1337,52823,50948,32722,477398,73268,2317351,17040,124768,48198,817122,2053,21716,222155,5303720,212463,1170958,4205,5834,193370,686857,221935,1898152,179378,2020948,188825,621061,266109,15183868,130585,207771,32014,29091,76849,120495,22054,13010,3686,4872,0,0,0,0,3972,5384,261614,2144091,263085,2247071,56918,147756,209703,798297
0,"$100,000 under $200,000",410953,326780,211782,1133268,390900,55926887,380884,45378490,325023,462714,169818,671705,154125,480237,82779,1280449,2374,121373,310731,52327,1114552,115830,4410905,18871,138610,61311,1180661,8088,119638,389987,12403727,378816,3446819,4106,8253,365848,1644555,389826,5162382,337826,4776273,352973,1412360,410277,39203315,218596,294486,62955,65269,85603,111524,50545,28880,811,1118,0,0,0,0,29648,56893,408802,6726135,409382,6994994,120027,471940,290141,1377314
0,"$200,000 or more",124005,112112,79313,378342,141762,52772865,113787,30973521,114009,1007656,84436,1715838,79644,1305252,32158,2184333,1187,73461,3932945,17192,852177,32465,1700107,2300,19392,16684,388274,12522,427514,123341,9474505,120470,3930935,1520,4152,118988,969456,123311,4938578,104875,2254007,117012,1468385,123809,41983803,65652,221214,19704,30766,40,36,15365,8128,0,0,0,0,0,0,100480,751633,123765,11265993,123839,11571871,58188,1029383,65254,1266246
,,,,,,,,,,,,,,,,,,,,,,,,,,,,,,,,,,,,,,,,,,,,,,,,,,,,,,,,,,,,,,,,,,,,,,
1,Allegany County,29386,12295,16059,55860,15516,1251254,23872,917422,13141,16793,5403,16478,4868,11044,3335,34896,245,3304,13475,3091,31284,7395,127651,3332,19886,4347,43550,96,1923,7942,148279,7246,44528,462,312,7196,16548,7906,62422,6130,39013,6025,18614,22202,769521,9243,9944,1920,1346,4539,5641,828,345,3348,3852,5606,11111,4946,10040,338,2129,19916,112924,21187,119459,3767,8286,24666,62798
1,Under $1,305,77,211,409,57,-2112,69,1947,118,139,82,122,75,95,97,-1028,0,94,-125,0,0,37,268,0,0,0,0,0,0,0,0,0,0,0,0,0,0,0,0,0,0,0,0,0,0,0,0,0,0,0,0,0,0,0,0,27,18,0,0,0,0,0,0,27,24,0,0,155,544
1,"$1 under $25,000",12966,2304,6333,18574,4753,162747,9780,111942,3628,3361,1499,2148,1324,1085,1221,6723,65,909,-422,1102,5246,2803,26898,1464,7551,708,1043,0,0,745,10049,395,539,267,131,583,1151,719,1857,388,2104,478,997,6281,36517,1657,532,146,57,430,146,65,19,2178,2341,4149,8659,3767,7970,0,0,5245,3342,6207,4576,1009,418,11192,20418
1,"$25,000 under $50,000",7191,2967,3985,14301,4060,259978,6011,194362,3170,3006,1125,2241,996,1324,728,4109,59,635,134,806,6045,1895,32664,1001,6745,1680,9714,0,0,1732,23284,1558,3844,121,83,1498,2608,1725,6665,1292,6801,1123,2319,7012,136700,2985,2483,517,308,1602,1548,204,78,1041,1366,1430,2434,1179,2070,0,0,5919,14234,6160,15353,836,827,6328,16135
1,"$50,000 under $75,000",4363,2900,2618,10159,2860,268609,3876,208656,2682,2644,1022,2088,925,1378,507,4248,46,567,690,512,5391,1249,26892,528,3339,976,13579,33,291,1968,30550,1885,7703,37,38,1791,3326,1965,11257,1591,9269,1463,3735,4353,175879,2097,2936,568,407,1223,1942,189,81,129,145,0,0,0,0,0,0,4217,21486,4254,22549,784,1217,3574,10161
1,"$75,000 under $100,000",2400,2084,1473,6389,1888,206345,2171,162274,1751,2095,717,1821,654,1275,346,3759,30,410,1155,336,5119,734,17812,233,1453,520,9782,0,0,1558,28499,1515,8880,37,60,1470,3193,1558,12267,1295,8255,1263,3578,2396,144905,1319,2123,348,257,802,1327,201,90,0,0,0,0,0,0,0,0,2381,18534,2385,19336,485,937,1912,6567
1,"$100,000 under $200,000",1859,1702,1180,5199,1633,234539,1701,175780,1514,3016,741,2785,686,2075,332,8247,45,490,3229,280,6797,597,19173,106,798,400,8029,36,778,1641,38092,1599,14449,0,0,1570,4354,1641,19301,1352,9833,1433,5040,1858,175133,1032,1515,306,253,482,678,169,77,0,0,0,0,0,0,89,188,1853,28417,1853,29741,518,2132,1339,5989
1,"$200,000 or more",302,261,259,829,265,121148,264,62461,278,2532,217,5273,208,3812,104,8838,0,199,8814,55,2686,80,3944,0,0,63,1403,27,854,298,17805,294,9113,0,0,284,1916,298,11075,212,2751,265,2945,302,100387,153,355,35,64,0,0,0,0,0,0,0,0,0,0,249,1941,301,26911,301,27880,135,2755,166,2984
,,,,,,,,,,,,,,,,,,,,,,,,,,,,,,,,,,,,,,,,,,,,,,,,,,,,,,,,,,,,,,,,,,,,,,
3,Anne Arundel County,265587,104060,130402,521244,157582,19954128,226964,15011362,134723,272395,64192,293543,57674,209997,38864,510013,517,45385,442348,24324,385918,57412,1601855,17236,129065,32560,418738,2401,50347,135927,3908921,123971,1017553,7568,6586,118562,415194,135419,1461383,109622,1488570,114902,402702,221469,13555491,96724,122825,19947,20480,42627,52426,16578,9561,24503,32295,28962,56340,24916,48641,13537,73823,202410,2530465,212521,2634362,50845,211388,207479,697656
3,Under $1,3120,811,2131,4268,889,-34742,973,34948,1457,7722,1141,5364,1035,3583,1035,-31126,46,1420,6387,238,6314,314,7833,73,636,0,0,0,0,0,0,0,0,0,0,0,0,0,0,0,0,0,0,0,0,0,0,0,0,0,0,0,0,202,302,311,379,227,262,0,0,0,0,493,1421,203,463,1391,8890
3,"$1 under $25,000",76468,7222,34477,98353,25376,936786,60050,706766,19818,15606,8946,13981,7846,8341,9733,58282,70,5718,-2245,4113,24825,9938,97415,5745,43758,3061,5521,66,451,8938,140769,4687,5955,3091,1424,6006,16529,8669,24829,4905,48703,5810,9493,38439,231641,11233,4345,379,159,2772,1011,935,387,13062,15628,19782,42295,17390,36879,59,128,30730,20658,37683,31628,8390,4897,62956,108792
3,"$25,000 under $50,000",56669,11899,26478,102641,30296,2080931,49052,1687081,20740,17902,7942,16418,6971,10100,6258,46828,68,5027,-594,4324,37526,10513,193452,4655,35346,8227,52468,121,1014,20154,340022,16966,38129,2191,1639,14848,38175,20020,80691,13514,129519,15336,33960,54214,1116327,22598,21703,2278,1772,11917,11191,3608,2312,9126,13543,8869,13666,7299,11500,0,0,45269,120206,47188,131000,8049,10847,48298,121799
3,"$50,000 under $75,000",38615,15239,19523,76741,22053,2385836,33557,1872277,21454,20784,8769,22428,7763,14585,5339,42633,62,5774,1989,4189,48476,9786,261867,2652,19586,7056,94378,147,1440,24253,487849,22469,83671,1037,1149,20500,54628,24190,142851,19056,201966,19832,48776,38252,1501887,16266,22879,3468,2971,9533,13883,2381,1391,1734,2342,0,0,0,0,97,89,36389,197717,36940,207842,7556,14553,30957,96655
3,"$75,000 under $100,000",28548,17152,14581,65903,19887,2480369,25351,1952609,19583,21476,8551,24338,7630,16767,4556,45715,57,5720,4941,3583,50027,7989,263343,1750,13122,5260,89777,210,2157,23097,535891,21949,117038,552,778,20586,60547,23076,181928,19322,230577,19501,52958,28457,1649982,14071,22160,3611,3301,8373,13429,2277,1316,315,394,0,0,0,0,276,382,28055,233742,28195,244152,6030,15096,22460,84542
3,"$100,000 under $200,000",48048,38851,24245,131052,43855,6576581,44786,5352043,38667,46836,19663,67336,17818,47721,8660,137100,136,13785,32959,5992,132209,14444,548341,2115,14858,7149,136500,787,11905,45426,1398982,44115,386318,558,1201,42934,155515,45407,552515,40436,597385,41045,142964,48004,4673699,25459,33286,7741,8089,10032,12912,5712,3242,64,86,0,0,0,0,2503,5040,47875,807100,47922,834430,13983,53008,33996,157527
3,"$200,000 or more",14119,12886,8967,42286,15226,5528367,13195,3405638,13004,142069,9180,143678,8611,108900,3283,210581,78,7941,398911,1885,86541,4428,229604,246,1759,1807,40094,1070,33380,14059,1005408,13785,386442,139,395,13688,89800,14057,478569,12389,280420,13378,114551,14103,4381955,7097,18452,2470,4188,0,0,1665,913,0,0,0,0,0,0,10602,68184,14092,1151042,14100,1183889,6634,112524,7421,119451
,,,,,,,,,,,,,,,,,,,,,,,,,,,,,,,,,,,,,,,,,,,,,,,,,,,,,,,,,,,,,,,,,,,,,,
5,Baltimore County,398539,136337,217794,758823,230490,26490436,331359,19066551,189629,427946,94527,614617,85604,446878,61399,728818,692,67401,703281,40705,600852,82704,1705615,31342,235665,52743,662393,3457,69445,188022,5206753,171014,1395732,10708,8509,158381,578746,187186,2015717,140779,1495538,161379,722540,323082,17679485,143568,180439,26845,24673,63201,74308,24104,14173,43621,54296,57419,116939,49999,100118,15819,111995,287976,3319522,307239,3474894,68814,255905,316560,1104454
5,Under $1,5288,1060,3557,6282,1295,-45675,1393,37002,2236,23805,2090,10322,1942,6398,1409,-16012,82,2644,15434,269,5412,383,4423,114,1057,0,0,0,0,0,0,0,0,0,0,0,0,0,0,0,0,0,0,0,0,31,19,0,0,0,0,0,0,251,376,473,599,354,429,0,0,0,0,642,1938,288,486,2176,18449
5,"$1 under $25,000",128587,13471,67437,174453,47106,1601765,95378,1130847,35273,34530,17981,33753,15962,20592,19196,112361,130,11855,-7769,9465,49323,20284,185551,11605,87467,6380,11437,105,817,16308,240423,8828,11684,5317,2533,10821,31411,15785,47569,8327,66706,11088,20478,62731,377093,19364,7849,775,318,5127,1896,1960,787,24218,27827,39302,89437,35062,77166,44,535,48203,32878,62319,53726,13937,7820,105285,204288
5,"$25,000 under $50,000",99691,19779,51711,181327,55624,3651679,86220,2939845,36802,39556,14947,40116,13254,25971,11669,64980,80,9471,1173,8767,74263,19413,320467,9003,69606,15908,104715,183,1229,37411,601416,32802,77545,3126,2449,27042,72042,37211,156208,24151,192590,29861,72129,96111,1948293,41778,41662,4479,3264,21130,19733,7351,4962,15998,21956,17644,26903,14583,22523,29,279,79278,203849,82705,221274,13841,18717,85292,215255
5,"$50,000 under $75,000",61254,23141,33921,121622,35344,3767110,53754,2959281,34649,41193,14434,49688,12915,34229,8411,55270,69,9398,3133,7148,81887,15350,347291,4598,33400,11882,168192,207,1781,40331,922112,38120,146794,1166,1305,33493,94582,40261,248329,30596,269749,34337,95319,60763,2374915,26521,37098,5964,4953,14766,20964,3920,2246,2590,3384,0,0,0,0,229,304,57840,308258,58630,322814,11689,23047,49393,154267
5,"$75,000 under $100,000",38926,24431,21994,91726,27625,3367692,35013,2643714,26998,35988,12333,47650,11104,33209,6490,58825,69,8390,6893,5447,87331,10729,283587,2937,21545,7773,142763,303,3124,32073,721803,30895,170597,455,659,28391,89679,32050,266128,25851,255162,28158,89273,38801,2242598,19752,30883,5252,4591,11107,17317,3267,1915,468,608,0,0,0,0,494,667,38194,310809,38392,325342,8104,20526,30749,115187
5,"$100,000 under $200,000",50297,41504,28406,139296,46858,6704353,46530,5360687,40247,70428,21997,111485,20168,83185,10072,169028,147,15854,50073,7243,168423,13476,425468,2795,20309,8411,175921,1062,15958,47474,1406684,46294,412170,426,840,44723,177621,47457,600130,40337,486755,44022,174318,50213,4762094,27838,37563,8153,7854,11071,14398,6058,3464,96,145,0,0,0,0,3256,6459,50000,802056,50076,835414,14537,57987,35652,168918
5,"$200,000 or more",14496,12951,10768,44117,16638,7443512,13071,3995175,13424,182446,10745,321603,10259,243294,4152,284366,115,9789,634344,2366,134213,3069,138828,290,2281,2389,59365,1597,46536,14425,1314315,14075,576942,218,723,13911,113411,14422,697353,11517,224576,13913,271023,14463,5974492,8284,25365,2222,3693,0,0,1548,799,0,0,0,0,0,0,11767,103751,14461,1661672,14475,1714386,6418,127322,8013,228090
,,,,,,,,,,,,,,,,,,,,,,,,,,,,,,,,,,,,,,,,,,,,,,,,,,,,,,,,,,,,,,,,,,,,,,
9,Calvert County,42484,18494,21164,86641,28305,3103611,36148,2421009,21904,27803,9232,29663,8290,21099,6548,61338,374,6267,30546,3452,51199,9939,304955,2806,21322,5172,64816,273,4805,23966,668956,21898,166119,1290,1127,21805,87738,23892,259037,20287,268276,20181,64271,35235,2041525,15382,20108,3444,3573,7446,9728,2723,1633,3368,4089,4410,8877,3833,7633,2067,9257,32703,352491,34348,366512,8081,27339,33202,108159
9,Under $1,501,139,335,703,129,-5684,167,5544,237,734,153,418,138,325,174,-3243,0,183,-8,33,561,49,881,0,0,0,0,0,0,0,0,0,0,0,0,0,0,0,0,0,0,0,0,0,0,0,0,0,0,0,0,0,0,32,45,48,42,36,26,0,0,0,0,76,160,34,67,239,1218
9,"$1 under $25,000",12168,1071,5168,14071,3705,140239,9592,105914,3034,2309,1219,1729,1082,914,1528,8252,70,789,-192,505,2894,1553,15797,942,7155,425,857,0,0,1430,23446,696,1088,517,236,1074,3645,1381,5103,868,7938,941,1619,5903,35004,1484,589,55,19,415,155,140,55,1842,2018,3123,6945,2792,6071,0,0,4876,3229,5963,4824,1280,689,10011,16677
9,"$25,000 under $50,000",7620,1679,3716,13471,4055,280522,6356,216657,2871,2500,991,2220,870,1369,989,6062,55,689,-254,578,4930,1703,34647,716,5921,1292,7937,0,0,3078,54193,2532,5779,376,308,2472,7769,3065,14243,2240,21018,2329,5142,7221,146803,2831,2703,315,241,1533,1490,412,255,1091,1461,1239,1890,1005,1536,0,0,6161,15887,6508,17532,1171,1640,6401,15892
9,"$50,000 under $75,000",5884,2490,3211,12130,3681,365276,4944,276327,3270,3583,1252,3000,1116,1924,913,4269,74,845,390,617,6862,1679,50758,408,3125,1173,15344,40,454,4121,85205,3814,14270,178,189,3596,11969,4115,26900,3336,34938,3252,7948,5819,221255,2541,3671,574,496,1551,2303,351,194,294,389,0,0,0,0,35,113,5502,28320,5598,29762,1092,2166,4774,15334
9,"$75,000 under $100,000",4941,3204,2718,12448,4265,430695,4384,338623,3307,3369,1241,2827,1102,1768,839,5999,54,788,615,517,7438,1434,51435,321,2162,914,15366,30,220,4286,104312,4093,21922,101,152,3929,14243,4282,37057,3723,44847,3585,9647,4931,274172,2545,4371,640,622,1667,2769,382,229,109,176,0,0,0,0,56,68,4822,37036,4855,38629,983,2193,3949,15965
9,"$100,000 under $200,000",9455,8109,4909,27976,10349,1296577,8885,1083137,7444,8100,3326,8467,2988,5919,1739,17702,90,2144,5243,977,17364,2819,113964,389,2780,1171,21161,112,1396,9144,290913,8896,79474,118,242,8859,38054,9142,119543,8378,124095,8257,27432,9449,900314,5150,7488,1538,1734,2280,3011,1237,771,0,0,0,0,0,0,525,894,9429,151291,9435,155763,2561,8585,6879,31226
9,"$200,000 or more",1915,1802,1107,5842,2121,595986,1820,394807,1741,7208,1050,11002,994,8880,366,22297,31,829,24752,225,11150,702,37473,30,179,197,4151,91,2735,1907,110887,1867,43586,0,0,1875,12058,1907,56191,1742,35440,1817,12483,1912,463977,831,1286,322,461,0,0,201,129,0,0,0,0,0,0,1451,8182,1913,116728,1913,119842,960,11999,949,11847
,,,,,,,,,,,,,,,,,,,,,,,,,,,,,,,,,,,,,,,,,,,,,,,,,,,,,,,,,,,,,,,,,,,,,,
11,Caroline County,14605,5832,7819,29895,9647,644170,12409,495637,5703,7537,2151,6569,1923,5300,2497,19650,516,1262,8634,1235,14336,2642,49118,1496,10311,1733,18107,35,453,5331,110238,4770,24585,397,310,4841,12441,5309,37775,4481,43636,3907,10688,11063,380441,4835,5686,768,647,2823,3345,781,414,2268,2890,3016,6599,2621,5772,152,624,9613,52666,10527,57406,2254,6756,11956,33081
11,Under $1,214,90,166,402,102,-3970,66,1800,103,251,57,163,52,116,95,-918,53,55,134,0,0,23,207,0,0,0,0,0,0,0,0,0,0,0,0,0,0,0,0,0,0,0,0,0,0,0,0,0,0,0,0,0,0,0,0,33,61,24,43,0,0,0,0,42,74,20,27,105,350
11,"$1 under $25,000",5900,885,2883,9435,3068,76494,4645,57279,1299,1377,476,698,411,390,852,6251,120,283,21,332,1839,721,6219,663,4656,225,390,0,0,603,8689,315,401,227,150,474,1017,591,1540,404,3129,368,599,2727,16473,855,300,32,10,361,128,82,29,1466,1762,2147,5189,1914,4616,0,0,2107,1464,2764,2490,566,366,5049,11102
11,"$25,000 under $50,000",3799,1268,2005,7813,2570,137069,3376,110239,1333,1262,470,862,424,629,554,4067,109,256,346,337,2852,653,10048,444,3013,612,3502,0,0,1259,19452,1102,2590,106,84,1073,2291,1253,5083,1002,7995,817,1619,3657,68827,1618,1455,189,127,984,927,207,110,688,984,836,1349,683,1113,0,0,2950,7083,3127,8086,500,743,3285,8749
11,"$50,000 under $75,000",2115,1336,1198,5056,1563,130184,1905,100891,1126,1194,405,765,358,490,430,2669,88,221,400,247,2787,523,11431,210,1348,459,6172,0,0,1258,23171,1194,4468,40,46,1169,2730,1255,7359,1103,10043,918,1926,2107,79962,978,1496,192,147,667,1024,171,93,114,144,0,0,0,0,0,0,2000,9487,2031,10330,447,992,1663,4857
11,"$75,000 under $100,000",1298,1084,778,3522,1128,112203,1217,89720,881,1294,340,734,303,559,283,1825,64,193,513,147,2368,335,8168,121,866,218,3806,0,0,1031,22285,1002,5389,24,30,987,2564,1030,8075,942,9576,808,1861,1296,74069,743,1287,187,156,491,809,169,98,0,0,0,0,0,0,0,0,1281,9292,1287,9973,294,806,1002,3430
11,"$100,000 under $200,000",1145,1042,687,3299,1109,146016,1080,114855,841,1375,324,758,301,611,241,2483,61,197,1370,147,3497,343,11194,58,428,190,3558,35,453,1049,29110,1029,8723,0,0,1009,3169,1049,12029,933,11240,879,2796,1142,103828,584,966,168,207,320,457,152,84,0,0,0,0,0,0,61,124,1141,16669,1142,17419,358,1670,787,3778
11,"$200,000 or more",134,127,102,368,107,46174,120,20853,120,784,79,2589,74,2505,42,3273,21,57,5850,25,993,44,1851,0,0,29,679,0,0,131,7531,128,3014,0,0,129,670,131,3689,97,1653,117,1887,134,37282,57,182,0,0,0,0,0,0,0,0,0,0,0,0,91,500,134,8671,134,9034,69,2152,65,815
,,,,,,,,,,,,,,,,,,,,,,,,,,,,,,,,,,,,,,,,,,,,,,,,,,,,,,,,,,,,,,,,,,,,,,
13,Carroll County,79796,38193,40947,163165,50985,5443290,67801,4308354,44687,57755,22405,56443,20213,39476,11785,139707,949,14737,56004,9085,116907,17378,397052,6017,41497,10804,129641,540,7841,42573,1116919,39224,290510,2186,1613,39490,157356,42446,455799,35741,434003,35782,101189,66090,3570144,29319,37362,6655,6057,13797,18635,4385,2366,5336,6721,6826,12599,5700,10699,3429,15623,61400,594955,64274,622844,14640,46620,62438,182113
13,Under $1,962,299,681,1320,283,-10619,277,7042,476,923,380,532,350,319,271,-2457,103,479,1670,75,889,94,935,0,0,0,0,0,0,0,0,0,0,0,0,0,0,0,0,0,0,0,0,0,0,0,0,0,0,0,0,0,0,55,94,84,123,56,85,0,0,0,0,134,294,54,57,388,1717
13,"$1 under $25,000",24037,2644,10932,26281,5683,280260,18551,202524,7521,7239,3717,5502,3303,3273,2595,15581,161,2365,-1261,2035,10516,3730,32408,1792,12469,1163,1991,24,142,2816,44946,1432,1909,1064,494,2129,6881,2731,9357,1509,12832,1877,3000,12131,73707,2829,1041,131,53,578,235,176,64,2658,2985,4764,9433,4133,8222,0,0,10266,6911,12082,9689,2666,1305,19375,27314
13,"$25,000 under $50,000",15344,4368,8139,26966,6982,561804,12789,422821,6982,8340,3153,6600,2850,4132,1908,18346,158,1939,24,1844,15285,3523,59701,1502,10828,3203,20294,47,308,5721,96775,4802,11584,667,468,4857,15556,5695,28016,4188,36287,4162,7587,14646,299001,5325,4618,752,512,2562,2435,528,312,1871,2658,1978,3043,1511,2392,0,0,12695,32846,13308,36482,2158,2694,13055,29873
13,"$50,000 under $75,000",11185,6261,6313,24761,7234,694504,9663,517319,7100,8529,3225,7371,2886,4971,1925,18733,150,2053,456,1595,17767,3045,75380,1084,7205,2537,35145,42,447,7616,150967,7193,27503,252,252,6996,23738,7606,52392,6323,61332,6013,12371,11085,420536,5209,7218,1244,1025,3016,4504,604,319,596,786,0,0,0,0,35,66,10435,51780,10677,55910,2210,4142,8944,27469
13,"$75,000 under $100,000",9141,7110,5005,24255,7953,796335,8253,622212,6721,7955,3191,7816,2854,5371,1659,16987,115,2005,2304,1274,19584,2486,73829,747,4828,1770,31081,53,541,7800,189891,7555,41972,98,133,7367,26804,7797,69817,6814,84113,6635,15599,9113,513083,5022,8634,1267,1100,3190,5443,717,384,122,160,0,0,0,0,48,65,8950,65629,9001,69454,1796,4110,7329,27149
13,"$100,000 under $200,000",16060,14615,8019,49480,18729,2174794,15340,1847307,13090,13795,6838,16248,6195,11952,2842,39765,185,4343,10398,1912,37973,3814,124629,824,5708,1876,35724,222,2754,15564,469364,15243,139818,82,228,15157,65743,15561,208532,14176,188492,14206,43440,16048,1519467,9535,13815,2741,2566,4451,6018,2005,1097,34,38,0,0,0,0,805,1205,15989,249553,16007,258061,4275,13908,11768,53055
13,"$200,000 or more",3067,2896,1858,10102,4121,946212,2928,689129,2797,10974,1901,12374,1775,9458,585,32752,77,1553,42413,350,14893,686,30170,68,459,255,5406,152,3649,3056,164976,2999,67724,23,38,2984,18634,3056,87685,2731,50947,2889,19192,3067,744350,1399,2036,520,801,0,0,355,190,0,0,0,0,0,0,2541,14287,3065,188236,3065,192954,1481,20404,1579,15536
,,,,,,,,,,,,,,,,,,,,,,,,,,,,,,,,,,,,,,,,,,,,,,,,,,,,,,,,,,,,,,,,,,,,,,
15,Cecil County,45273,19580,23755,92877,29418,2535043,39082,1968587,19903,24008,8216,22189,7310,15597,5751,55316,396,5200,45274,3956,53046,10168,208601,4942,36950,5531,61416,176,2499,19653,451880,18200,119368,924,727,18010,60566,19589,178295,16782,174074,15334,42329,36206,1615654,15627,19871,3023,2703,8585,11273,2311,1276,4989,6164,6613,13450,5764,11970,959,4317,32798,248505,34849,261987,7101,20617,36943,108619
15,Under $1,494,175,351,780,161,-6251,135,3708,218,983,147,312,134,231,177,-3072,36,167,373,33,424,63,662,0,0,0,0,0,0,0,0,0,0,0,0,0,0,0,0,0,0,0,0,0,0,0,0,0,0,0,0,0,0,32,45,61,75,40,53,0,0,0,0,84,122,25,45,236,650
15,"$1 under $25,000",15309,2167,7088,21799,6319,187562,12069,133711,3517,3229,1498,2054,1303,1098,1647,11412,80,902,-490,907,4959,2493,23217,1700,12121,634,1090,0,0,1392,20844,767,1052,446,233,1089,3141,1354,4488,893,7524,860,1425,7140,42748,1872,703,93,36,591,236,153,62,2891,3202,4635,10326,4194,9354,22,25,5832,3892,7260,5995,1357,790,13033,24271
15,"$25,000 under $50,000",10529,3175,5418,20431,6303,384270,9191,298082,3691,3664,1399,2395,1213,1498,1097,9193,83,794,446,870,7034,2384,42357,1277,9844,1876,11142,43,304,3234,50193,2833,6830,278,204,2779,7248,3216,14590,2587,20993,2198,3958,10165,202937,4141,3779,479,339,2392,2320,426,257,1623,2289,1917,3049,1530,2563,0,0,8536,21592,8944,23806,1400,1935,9080,23158
15,"$50,000 under $75,000",6846,3793,3808,15784,5024,423502,6213,332565,3730,3659,1304,2722,1153,1766,928,6973,57,783,587,748,8479,1802,41325,872,6637,1285,17456,0,0,4204,76927,4017,15709,103,122,3821,10267,4199,26591,3599,32378,3100,6884,6817,264780,3155,4816,689,572,2101,3278,400,202,377,524,0,0,0,0,0,0,6424,32612,6536,34591,1320,2483,5517,17373
15,"$75,000 under $100,000",5006,3902,2834,13360,4396,434107,4685,351767,3269,3293,1243,2514,1116,1680,729,7323,49,771,1306,553,8362,1411,35512,555,3965,870,14512,27,216,4090,88801,3980,22145,48,72,3832,11285,4087,33995,3631,36568,3308,8064,5000,287445,2659,4653,671,572,1784,3045,450,249,66,104,0,0,0,0,34,29,4930,37380,4949,39175,936,2301,4061,15100
15,"$100,000 under $200,000",6249,5597,3658,18196,6304,819742,6025,686012,4726,4953,2131,4794,1937,3337,991,10486,60,1374,4487,719,16996,1761,53433,503,4022,744,14296,54,628,5899,163331,5789,52964,49,96,5687,23975,5899,72991,5387,64593,5106,14727,6247,585876,3429,5153,957,956,1717,2394,811,467,0,0,0,0,0,0,253,429,6239,96390,6239,99696,1678,6697,4564,21070
15,"$200,000 or more",840,771,598,2527,911,292111,764,162742,752,4227,494,7398,454,5987,182,13001,31,409,38565,126,6792,254,12095,35,361,122,2920,52,1351,834,51784,814,20668,0,0,802,4650,834,25640,685,12018,762,7271,837,231868,371,767,134,228,0,0,71,39,0,0,0,0,0,0,650,3834,837,56639,837,58602,385,6366,452,6997
,,,,,,,,,,,,,,,,,,,,,,,,,,,,,,,,,,,,,,,,,,,,,,,,,,,,,,,,,,,,,,,,,,,,,,
17,Charles County,71543,26120,37553,144753,48900,4816706,62765,3939634,31255,34155,10164,21243,8893,14673,10774,41649,475,6316,27535,4485,54582,17041,481114,4528,34412,6927,78252,223,3599,39689,1098409,36425,244688,1890,1845,34055,128232,39529,381676,32734,443375,33877,137538,59919,3045090,26853,35370,5564,5216,13620,16775,5805,3675,7499,9158,8926,18256,7829,16031,2667,8740,54208,500756,56877,518210,12948,40372,57143,180161
17,Under $1,611,171,362,930,203,-6597,186,6343,251,732,127,345,111,212,218,-5274,33,154,-103,36,472,68,1256,0,0,0,0,0,0,0,0,0,0,0,0,0,0,0,0,0,0,0,0,0,0,0,0,0,0,0,0,0,0,37,59,58,81,43,56,0,0,0,0,78,201,31,109,309,1230
17,"$1 under $25,000",20005,1636,9623,26202,7698,243166,16164,191578,3882,3037,1130,1349,1001,719,2560,10925,96,700,-466,598,3002,2388,25740,1628,12224,549,1033,0,0,2242,34054,1255,1834,700,369,1454,4568,2167,7023,1265,11883,1543,3412,9862,58263,2969,1234,86,35,883,322,286,107,3861,4319,6129,14122,5510,12510,0,0,7772,5097,9543,7720,1906,1028,17038,32418
17,"$25,000 under $50,000",14634,2782,7645,27255,9182,541287,12685,446371,4558,3626,1222,1550,1060,967,1835,1174,61,752,159,796,6266,3045,64015,1215,9616,1865,10409,48,278,5991,105668,5067,11580,607,544,4248,12681,5948,25566,4010,39370,4685,13275,13933,278259,6261,6759,594,435,3474,3402,1168,775,2639,3534,2739,4053,2276,3465,0,0,11306,28604,11859,30702,2041,2715,12522,33743
17,"$50,000 under $75,000",11406,3739,6265,23364,7934,705722,10091,579603,5398,4640,1486,2004,1283,1273,1654,1760,98,863,506,877,7936,2914,84770,644,4925,1648,20123,0,0,8148,174950,7570,28560,301,391,6658,20805,8119,51374,6451,69751,6816,23018,11282,419160,5242,8176,1067,927,3409,4755,1001,626,767,1019,0,0,0,0,70,134,10494,52833,10699,54892,2062,4006,9327,31036
17,"$75,000 under $100,000",8465,4400,4679,19993,6936,736561,7798,610486,5049,4598,1570,2490,1349,1610,1460,3325,49,909,821,732,8747,2515,80561,446,3424,1220,18336,24,214,7373,190362,7018,37556,129,180,6504,22731,7364,62204,6323,79553,6339,23708,8440,462810,4264,7299,1184,1090,2760,4198,961,619,169,197,0,0,0,0,166,226,8261,64675,8312,66756,1655,4039,6802,27021
17,"$100,000 under $200,000",14143,11234,7696,40265,14662,1923489,13635,1644998,10165,8965,3634,6518,3185,4652,2591,14203,105,2210,3845,1187,21694,5035,173409,557,3961,1437,24186,85,1165,13664,463747,13301,116947,125,295,12968,54213,13660,175353,12585,199141,12347,55617,14126,1308175,7217,10572,2245,2194,3094,4098,2109,1376,26,30,0,0,0,0,877,1498,14099,221863,14111,227466,4121,14091,10006,43537
17,"$200,000 or more",2279,2158,1283,6744,2285,673078,2206,460255,1952,8557,995,6987,904,5240,456,15536,33,728,22773,259,6465,1076,51363,38,262,208,4165,66,1942,2271,129628,2214,48211,28,66,2223,13234,2271,60156,2100,43677,2147,18508,2276,518423,900,1330,388,535,0,0,280,172,0,0,0,0,0,0,1554,6882,2276,127684,2275,130473,1132,14384,1139,11176
,,,,,,,,,,,,,,,,,,,,,,,,,,,,,,,,,,,,,,,,,,,,,,,,,,,,,,,,,,,,,,,,,,,,,,
19,Dorchester County,15150,5204,8115,29256,8345,641650,12491,451300,5720,11694,2257,9504,2016,7281,2522,23365,292,1580,21922,1487,19207,3174,59293,1627,10569,2042,23127,62,1063,4729,99699,4211,22321,371,275,4178,12030,4713,35162,3712,34400,3662,11399,10866,386050,4432,4663,726,699,2363,2502,656,340,2547,2972,3754,8023,3330,7173,215,1146,9375,57721,10327,62718,2444,8540,12235,32892
19,Under $1,275,89,195,407,58,-3226,80,2170,126,242,66,213,60,120,139,-1366,31,77,856,29,345,39,404,0,0,0,0,0,0,0,0,0,0,0,0,0,0,0,0,0,0,0,0,0,0,0,0,0,0,0,0,0,0,0,0,30,27,0,0,0,0,0,0,62,88,37,27,127,404
19,"$1 under $25,000",6849,904,3356,11303,3401,87230,5423,64850,1405,1813,483,747,417,493,906,6224,45,321,-51,400,2184,935,7570,899,5266,247,443,0,0,548,7980,298,372,192,92,408,958,539,1457,339,2554,330,571,2973,17424,936,335,44,17,428,162,97,33,1832,2083,2869,6593,2640,6015,0,0,2268,1526,2949,2623,601,418,5921,13605
19,"$25,000 under $50,000",3919,1147,1979,7670,2242,139972,3414,109030,1384,2166,462,1215,399,867,555,4117,62,289,264,357,2850,871,13093,404,2981,725,4380,0,0,1187,18001,1031,2309,109,76,988,2251,1181,4744,908,6902,809,1580,3800,72269,1600,1418,183,133,928,866,201,114,641,805,855,1403,690,1158,0,0,3114,7465,3290,8466,590,881,3311,8367
19,"$50,000 under $75,000",1857,1137,1086,4158,1121,114090,1625,85109,1092,1913,385,1092,348,826,355,2302,48,240,270,257,2778,531,11234,205,1446,443,5952,0,0,1117,20006,1063,4006,45,49,1000,2452,1117,6585,919,7764,856,2096,1846,71592,779,1118,181,127,491,729,138,71,74,84,0,0,0,0,0,0,1764,8767,1788,9510,466,926,1385,3945
19,"$75,000 under $100,000",1049,872,650,2625,692,90470,917,66134,735,1492,306,984,274,657,237,1831,31,213,414,188,3101,354,9596,76,535,272,5039,0,0,785,16570,763,3995,0,0,734,2061,785,6192,679,6266,672,1857,1047,61302,516,832,138,134,303,476,101,58,0,0,0,0,0,0,0,0,1036,7937,1040,8455,289,870,759,2426
19,"$100,000 under $200,000",995,872,678,2573,700,127923,858,86813,791,2161,420,2485,386,1954,246,4469,75,303,1961,208,5375,367,14087,43,341,282,5529,42,610,894,24616,869,7234,25,58,855,3064,893,10433,723,8231,805,3206,995,92757,504,754,140,182,213,269,119,64,0,0,0,0,0,0,52,118,989,15140,993,16136,356,1879,638,3119
19,"$200,000 or more",206,183,171,520,131,85191,174,37194,187,1907,135,2768,132,2364,84,5788,0,137,18208,48,2574,77,3309,0,0,73,1784,20,453,198,12526,187,4405,0,0,193,1244,198,5751,144,2683,190,2089,205,70706,97,206,40,106,0,0,0,0,0,0,0,0,0,0,163,1028,204,16886,205,17440,105,3539,94,1026
,,,,,,,,,,,,,,,,,,,,,,,,,,,,,,,,,,,,,,,,,,,,,,,,,,,,,,,,,,,,,,,,,,,,,,
21,Frederick County,112577,49539,54561,230329,74106,7879884,97058,6299910,55801,74925,27616,87915,24781,59446,16929,186782,1251,19421,123898,10264,141366,21942,541165,8034,60101,12734,154965,805,12301,59771,1609508,54963,419706,3203,2522,53890,231594,59589,650725,49813,622746,48207,144619,93045,5201120,41369,56648,7427,6970,20517,26700,6484,3624,9629,12370,11308,21791,9621,18841,5066,23799,85527,893873,90033,936089,20713,76086,88380,272995
21,Under $1,1489,474,1037,2119,410,-18128,477,12441,662,2979,515,2769,461,1492,495,-16575,171,639,1267,111,1983,132,1080,27,174,0,0,0,0,0,0,0,0,0,0,0,0,0,0,0,0,0,0,0,0,0,0,0,0,0,0,0,0,84,125,166,223,117,170,0,0,0,0,242,584,105,187,649,2598
21,"$1 under $25,000",32728,3396,14346,39542,10219,388820,25860,293397,8109,7567,3972,6535,3532,3793,3910,23485,212,2645,-707,1912,10749,4127,37147,2546,19746,1222,2066,36,158,3953,64496,2079,2974,1403,629,2775,9349,3839,13267,2107,18840,2447,3799,16019,96750,4310,1650,126,54,1168,412,299,126,4985,5860,7709,16137,6748,14215,0,0,13115,8801,15980,13149,3670,1974,26575,43187
21,"$25,000 under $50,000",22890,5748,11147,41423,12087,840576,19769,673019,8439,8789,3587,7290,3152,4501,2812,26493,193,2282,14,1903,15994,4213,73875,2139,15734,3522,22089,51,303,8622,147244,7376,17718,912,664,6860,22735,8585,41974,6185,53914,5947,11653,21780,444521,8679,7970,834,593,4567,4326,990,605,3425,4962,3433,5431,2756,4456,0,0,18440,48217,19410,53877,3188,4543,19564,47831
21,"$50,000 under $75,000",16133,7530,8393,34230,10357,999798,14117,781520,8907,9325,3933,9959,3500,6350,2492,23072,185,2533,2064,1774,18377,3927,101787,1276,9211,2886,38428,73,632,10741,215557,10078,39162,401,410,9529,33436,10724,74322,8838,86900,8229,17640,15969,612894,7103,10385,1311,1068,4466,6742,903,484,904,1117,0,0,0,0,51,180,14996,77571,15333,83169,3107,5877,12982,41392
21,"$75,000 under $100,000",12676,8827,6431,32303,10694,1101346,11489,885769,8469,8074,3888,9500,3474,6479,2210,21828,127,2637,3157,1551,22502,3151,96022,912,6927,2160,36488,82,706,10693,251265,10293,56622,196,244,9873,43666,10682,96226,9293,105720,8666,21562,12639,711712,6786,11434,1388,1237,4390,7348,1004,549,194,252,0,0,0,0,96,159,12415,94929,12491,100281,2449,5989,10210,38501
21,"$100,000 under $200,000",22068,19293,10472,66305,24809,3006057,20969,2553914,17095,18696,8895,23638,8031,16277,4043,58717,248,6250,17394,2466,47402,5288,181127,1047,7654,2525,47107,311,4281,21195,665722,20684,193196,212,368,20408,93218,21192,284745,19325,277735,18686,59484,22051,2090865,12463,17989,3120,3174,5926,7872,2848,1637,37,54,0,0,0,0,1271,2213,21978,348406,21991,361600,6011,21684,16008,73653
21,"$200,000 or more",4593,4271,2735,14407,5530,1561415,4377,1099850,4120,19495,2826,28224,2631,20554,967,49762,115,2435,100709,547,24359,1104,50127,87,655,419,8787,252,6221,4567,265224,4453,110034,79,207,4445,29190,4567,140191,4065,79637,4232,30481,4587,1244378,2028,7220,648,844,0,0,440,223,0,0,0,0,0,0,3648,21247,4583,315949,4586,323429,2183,35832,2392,25833
,,,,,,,,,,,,,,,,,,,,,,,,,,,,,,,,,,,,,,,,,,,,,,,,,,,,,,,,,,,,,,,,,,,,,,
23,Garrett County,13299,6375,7880,26217,7449,592634,10779,414390,5793,10331,2482,7889,2198,5584,2470,27860,619,1721,17388,1257,13912,2866,56458,1744,9513,1775,18348,80,946,3750,80675,3324,20598,306,273,3439,9671,3735,31036,2868,24299,2842,10384,9834,363420,4240,5019,733,485,2164,2758,330,146,1528,1872,2493,4957,2079,4208,200,1338,8773,55083,9683,60166,1967,6913,10882,29011
23,Under $1,229,93,191,394,90,-3621,74,1337,128,415,79,137,77,80,99,-1400,47,97,554,22,229,39,322,0,0,0,0,0,0,0,0,0,0,0,0,0,0,0,0,0,0,0,0,0,0,0,0,0,0,0,0,0,0,20,32,27,34,0,0,0,0,0,0,47,80,25,28,108,355
23,"$1 under $25,000",5774,1225,3087,8057,2002,71141,4441,50352,1508,1843,610,845,527,417,899,5299,192,417,295,356,1770,906,8282,693,3373,249,320,0,0,421,6199,212,297,163,88,331,721,412,1122,219,1469,271,599,2695,15818,685,211,47,16,179,64,22,8,893,982,1764,3696,1532,3263,0,0,2276,1464,2906,2386,570,293,4892,8542
23,"$25,000 under $50,000",3171,1665,1904,6925,2061,115073,2639,85076,1388,1892,519,909,453,554,584,6073,162,337,1248,317,2219,727,12391,561,3504,668,3617,0,0,771,11926,659,1627,85,68,690,1351,768,3118,556,3606,514,1413,3030,56201,1403,1167,213,122,778,751,83,35,537,768,702,1227,547,945,0,0,2484,5557,2687,6770,433,623,2709,7419
23,"$50,000 under $75,000",1947,1458,1254,4932,1510,120210,1726,92136,1117,1419,443,1499,382,1199,386,3336,98,266,756,232,2616,505,11072,316,1722,382,5256,39,297,881,15471,831,3222,34,45,814,1777,879,5120,709,5189,647,1920,1934,75505,1010,1448,213,140,636,1010,98,38,78,90,0,0,0,0,0,0,1854,8735,1882,9519,356,662,1583,4791
23,"$75,000 under $100,000",1099,958,688,2922,859,94871,954,69012,756,1420,331,1026,293,703,210,3051,50,209,765,160,2600,354,10448,112,565,255,4701,0,0,712,14351,686,3676,24,72,672,1702,711,5503,605,5102,572,1805,1097,65614,561,897,128,97,345,604,57,27,0,0,0,0,0,0,0,0,1087,8423,1087,9033,231,691,867,3159
23,"$100,000 under $200,000",884,802,594,2459,770,114013,772,79397,712,1598,374,1733,345,1176,226,5603,70,282,3453,144,3475,274,10989,62,349,179,3452,41,649,774,20046,755,6578,0,0,747,2743,774,9459,641,6301,658,2544,884,83733,498,767,110,86,226,329,70,38,0,0,0,0,0,0,57,99,879,13439,880,14383,256,1300,626,3156
23,"$200,000 or more",195,174,162,528,157,80947,173,37080,184,1744,126,1740,121,1455,66,5898,0,113,10317,26,1003,61,2954,0,0,42,1002,0,0,191,12682,181,5198,0,0,185,1377,191,6714,138,2632,180,2103,194,66549,83,529,22,24,0,0,0,0,0,0,0,0,0,0,143,1239,193,17465,194,17995,96,3316,97,1589
,,,,,,,,,,,,,,,,,,,,,,,,,,,,,,,,,,,,,,,,,,,,,,,,,,,,,,,,,,,,,,,,,,,,,,
25,Harford County,119789,52026,58755,240025,74953,7879524,102896,6202500,63537,78116,28570,71533,25644,48589,16007,164155,610,18953,79364,12136,160251,26756,619193,10157,74685,15404,181307,664,10399,61806,1558457,57137,412810,2959,2436,56553,209018,61660,633232,51612,570593,52838,159854,99533,5165464,44423,56758,9790,9371,21200,27595,7003,3926,10106,12491,13134,26135,11403,22727,4615,22736,91449,867494,95833,904160,20816,68635,95729,295309
25,Under $1,1180,336,823,1614,338,-11840,395,11630,569,1889,462,990,430,682,312,-4660,56,567,3444,80,1050,125,1630,30,259,0,0,0,0,0,0,0,0,0,0,0,0,0,0,0,0,0,0,0,0,0,0,0,0,0,0,0,0,84,121,122,167,92,116,0,0,0,0,156,418,65,202,505,2386
25,"$1 under $25,000",36377,3901,16083,43490,10934,436810,28583,319222,10618,8424,4577,6006,4031,3350,4025,22858,81,2958,-1211,2444,12696,5555,53218,3181,22780,1700,2801,0,0,3963,61041,2175,2833,1357,720,2954,8802,3871,12631,2329,19177,2721,4655,18435,110551,4845,1890,249,92,1169,453,371,147,5399,5950,9043,19841,8104,17489,0,0,15180,10095,18171,14344,3846,1975,30112,49510
25,"$25,000 under $50,000",24811,6243,11807,44283,12619,911953,21017,709943,10387,10294,3951,7880,3494,4807,2644,16902,116,2445,47,2521,20559,5477,101482,2584,19833,4573,28375,67,414,9315,151007,8044,19179,891,675,7701,21621,9282,42427,6835,56025,7167,14744,23862,487753,9613,8939,1266,935,4789,4554,1298,822,3438,4812,3969,6127,3207,5122,0,0,20308,52601,21170,56970,3377,4264,21293,54413
25,"$50,000 under $75,000",18016,8654,9313,38420,11466,1114667,15808,864962,10935,11662,4326,9196,3827,6002,2491,16714,85,2662,186,2296,25496,4882,120557,1668,12334,3615,48701,45,372,12144,233529,11448,44786,374,433,10995,32890,12135,79664,10112,93889,10024,23553,17888,687714,8137,11891,1905,1627,4855,7212,1022,565,934,1246,0,0,0,0,81,441,16913,86811,17204,91399,3300,5896,14686,47618
25,"$75,000 under $100,000",13697,9875,7055,35105,11388,1189885,12542,950024,9773,9270,4188,8860,3733,5938,2171,18699,65,2582,2188,1787,26380,3811,108289,1267,9129,2505,43002,69,568,11535,262560,11158,62424,158,198,10810,36530,11528,100781,10061,105384,9936,25814,13659,775905,7411,12655,1997,1845,4679,7745,1155,619,200,291,0,0,0,0,124,171,13432,102588,13498,107196,2539,5761,11144,43080
25,"$100,000 under $200,000",21746,19324,11076,64709,23466,2911892,20812,2452618,17651,18009,8576,20354,7783,14302,3599,52760,149,5623,13470,2537,50928,5892,188021,1336,9608,2622,50181,252,3765,20914,623141,20446,185820,137,302,20241,84077,20910,274291,18834,236711,19234,61752,21730,2049880,12592,18523,3720,3956,5708,7631,2785,1569,51,71,0,0,0,0,1179,2309,21659,339176,21678,350473,5737,20283,15993,73963
25,"$200,000 or more",3962,3693,2598,12404,4742,1326157,3739,894101,3604,18568,2490,18247,2346,13508,765,40882,58,2116,61240,471,23142,1014,45996,91,742,389,8247,231,5280,3935,227179,3866,97768,42,108,3852,25098,3934,123438,3441,59407,3756,29336,3959,1053661,1825,2860,653,916,0,0,372,204,0,0,0,0,0,0,3231,19815,3957,276223,3956,283360,1952,30254,1996,24339
,,,,,,,,,,,,,,,,,,,,,,,,,,,,,,,,,,,,,,,,,,,,,,,,,,,,,,,,,,,,,,,,,,,,,,
27,Howard County,139157,61873,65599,290135,97220,13127758,120377,10097617,79848,125600,44024,175920,40084,120736,24162,406708,356,33265,335194,12546,221630,25000,741055,6830,53178,14530,207820,2296,45272,80594,2677649,74659,792425,3593,3800,70030,393517,80289,1204717,63296,896810,69234,311413,116392,9166859,54620,69806,11353,12734,20930,25785,9928,5340,10125,13137,12055,24181,10180,19928,14704,85450,107550,1870971,113448,1947389,30475,160784,103894,391947
27,Under $1,2053,540,1379,2773,760,-19008,723,24241,904,4579,855,4418,783,3131,515,-15376,34,1093,13872,103,2846,135,2187,51,421,0,0,0,0,0,0,0,0,0,0,0,0,0,0,0,0,0,0,0,0,0,0,0,0,0,0,0,0,160,265,205,361,160,266,0,0,0,0,272,869,117,245,864,5053
27,"$1 under $25,000",36085,3392,15972,41029,10704,400141,28334,311364,10348,8048,5440,8292,4876,4767,5353,34915,49,3689,-1346,1727,10196,3447,29917,1914,15018,1086,1979,38,266,4087,69851,2094,3343,1411,676,2582,11044,3912,15486,1998,20455,2542,4473,17034,98738,4991,2147,106,50,995,356,309,126,5047,6165,8375,18209,7239,15254,0,0,13323,8669,17265,14724,4649,2577,28105,46305
27,"$25,000 under $50,000",23187,5017,11131,41356,12261,857252,19994,700279,8972,8670,3777,8969,3326,5354,3330,26239,25,2633,3858,1790,17120,3649,64948,1660,13517,2931,19984,73,648,8776,158328,7253,17953,1065,756,6031,24148,8705,43816,5313,51908,6579,16233,21905,455521,9249,9064,732,577,4444,4100,1252,800,3641,5070,3475,5611,2781,4408,0,0,18194,49145,19367,55620,3558,5125,19443,48935
27,"$50,000 under $75,000",18140,6334,8768,35330,10565,1124112,15699,890628,10386,10991,4674,12540,4187,7960,2724,26360,41,3401,1859,1970,25292,3929,106901,975,7859,2949,40597,120,1183,11714,247620,10848,42620,500,1192,9405,39697,11676,85044,8455,89225,9599,25827,17882,699782,7788,10749,1364,1224,4330,6020,1061,597,970,1255,0,0,0,0,109,338,16848,93313,17207,99463,3655,7498,14417,45516
27,"$75,000 under $100,000",14553,8079,6913,33330,10539,1266601,12865,998614,10342,12169,5007,14792,4517,9737,2619,30350,47,3660,987,1849,29053,3604,121440,725,5440,2522,44463,177,1945,12232,295093,11708,65448,232,301,10440,47924,12223,115900,9456,111753,10234,29738,14486,828780,7425,11600,1665,1606,4257,6669,1119,646,237,283,0,0,0,0,205,271,14204,118619,14315,125179,3052,8024,11473,44266
27,"$100,000 under $200,000",32172,26365,14165,93917,35136,4529113,30317,3794745,26912,33177,15408,47781,14044,32178,6559,118956,103,11408,17411,3717,75314,7381,282374,1244,9166,3949,76672,832,11955,30870,1018174,30088,288167,269,570,29014,165603,30860,460577,26697,389438,27989,102192,32124,3157485,18382,23791,5212,5615,6904,8640,4335,2262,70,99,0,0,0,0,3124,5540,32023,546950,32063,569128,9172,33516,22945,111658
27,"$200,000 or more",12967,12146,7271,42400,17255,4969547,12445,3377746,11984,47966,8863,79128,8351,57609,3062,185264,57,7381,298553,1390,61809,2855,133288,261,1757,1093,24125,1056,29275,12915,888583,12668,374894,116,305,12558,105101,12913,483894,11377,234031,12291,132950,12961,3926553,6785,12455,2274,3662,0,0,1852,909,0,0,0,0,0,0,11266,79301,12958,1054275,12959,1082406,6272,103799,6647,90214
,,,,,,,,,,,,,,,,,,,,,,,,,,,,,,,,,,,,,,,,,,,,,,,,,,,,,,,,,,,,,,,,,,,,,,
29,Kent County,9233,3832,5497,17194,4304,537214,7022,305413,4523,12938,2755,26737,2524,20828,1750,22232,264,1934,17469,1349,23391,2428,57614,880,6324,1948,26368,90,1433,3924,101882,3391,25246,421,309,3453,13306,3913,39190,2887,30561,3135,12775,7085,349535,2877,3486,546,489,1179,1422,339,170,941,1180,1367,2651,1131,2323,267,1860,6382,59930,6928,64401,1930,8144,6911,22460
29,Under $1,208,78,163,305,36,-2671,75,1500,124,533,85,605,79,453,89,-1381,25,91,86,24,331,40,566,0,0,0,0,0,0,0,0,0,0,0,0,0,0,0,0,0,0,0,0,0,0,0,0,0,0,0,0,0,0,0,0,25,16,0,0,0,0,0,0,37,68,0,0,113,382
29,"$1 under $25,000",3357,511,1730,4709,1190,41457,2431,27864,976,1035,553,1426,489,948,498,3100,43,353,-30,288,1656,583,5077,383,2536,204,353,0,0,436,6466,204,303,187,81,348,992,430,1400,258,1887,295,468,1549,9243,403,145,34,12,114,43,28,11,585,632,995,2091,864,1891,0,0,1264,830,1657,1384,421,253,2676,4967
29,"$25,000 under $50,000",2188,709,1232,4199,1140,78215,1796,55766,885,1511,503,1699,459,1111,315,2983,53,294,30,264,2620,512,8265,242,1895,538,3454,0,0,746,12130,606,1380,114,87,640,1744,744,3253,532,4150,549,1159,2081,39827,816,710,104,70,420,410,80,41,300,464,347,544,267,432,0,0,1753,4123,1843,4750,354,545,1814,4368
29,"$50,000 under $75,000",1279,720,828,2668,657,79111,1019,50857,778,1561,428,2401,387,1556,283,2631,39,295,677,244,2825,421,9481,125,948,412,6053,34,251,831,16521,752,2756,62,47,727,2187,829,5064,631,5816,625,1770,1259,48539,549,711,116,110,276,405,76,37,56,84,0,0,0,0,0,0,1192,5904,1210,6528,350,770,922,2780
29,"$75,000 under $100,000",865,679,555,2031,475,74960,682,46941,626,1399,375,2587,343,1974,200,2102,33,236,1314,192,3300,330,9845,75,518,308,5758,0,0,669,14828,628,3319,31,31,608,2040,669,5444,538,5505,546,1361,862,50514,420,611,116,95,202,334,65,38,0,0,0,0,0,0,0,0,845,6495,850,6991,265,806,595,2002
29,"$100,000 under $200,000",1057,895,754,2594,637,139308,810,79808,868,3411,591,6377,556,4721,271,5970,45,467,3968,261,8425,424,17054,55,427,380,8161,25,388,966,28361,932,7582,27,63,871,3871,965,11624,736,8875,851,3619,1056,100538,539,734,144,158,167,230,90,43,0,0,0,0,0,0,61,102,1050,16297,1053,17518,408,2274,645,3125
29,"$200,000 or more",279,240,235,688,169,126834,209,42677,266,3488,220,11642,211,10065,94,6827,26,198,11424,76,4234,118,7326,0,0,106,2589,31,794,276,23576,269,9906,0,0,259,2472,276,12405,192,4328,269,4398,278,100874,150,575,32,44,0,0,0,0,0,0,0,0,0,0,206,1758,278,26281,278,27162,132,3496,146,4836
,,,,,,,,,,,,,,,,,,,,,,,,,,,,,,,,,,,,,,,,,,,,,,,,,,,,,,,,,,,,,,,,,,,,,,
31,Montgomery County,490444,186190,259199,964737,308875,46739466,400711,31889790,255639,767643,153168,1159196,139673,816643,100613,2038915,805,122195,1726849,44938,878804,81862,2849206,23936,191020,55296,817514,11466,324083,265112,9379200,240868,2872483,14470,13366,212612,1136769,263703,4073191,187240,2858912,220377,1098867,397361,33075633,185281,279211,31228,35556,64913,75289,28083,15574,46075,59686,55657,111495,46054,88949,47700,342546,359319,7182105,391601,7602663,110968,594739,360293,1620936
31,Under $1,9300,1853,5738,11045,2447,-71782,2536,87752,3844,38075,3800,19109,3502,12381,2000,-30181,64,4600,32618,426,9961,480,12855,122,1068,0,0,33,766,0,0,0,0,0,0,0,0,0,0,0,0,0,0,0,0,42,240,0,0,0,0,0,0,442,736,739,768,555,517,26,1576,27,1376,1443,5481,784,1613,3238,47865
31,"$1 under $25,000",142766,14179,75667,183982,51447,1665517,105139,1260665,34982,30491,20309,39328,18105,23619,31955,214826,89,14766,-5489,5711,33848,10819,95170,7731,63629,3491,7706,168,996,20461,318729,11585,16681,5800,3170,10243,37218,19604,58638,8409,90403,11846,18416,66274,387815,22315,9404,316,153,5123,1842,1103,437,25023,30162,39275,85392,32854,68489,59,58,49733,32349,73440,68350,22912,14515,107623,203975
31,"$25,000 under $50,000",96025,20495,51115,175647,55636,3516934,83214,2894529,33705,35117,14744,44674,13032,27523,15158,141203,70,10714,739,5881,51257,12928,241880,6899,55480,10548,69753,365,3137,39647,701138,33524,77829,4069,3228,22914,75488,39338,162383,20465,216435,28913,65250,90467,1821317,40364,39160,2357,1864,19297,17627,4415,2945,16409,23290,15643,25335,12645,19943,39,112,73924,191784,79057,219827,15326,22918,79975,208400
31,"$50,000 under $75,000",63708,20997,32877,121703,35682,3924954,53400,3046414,35766,46660,17160,64496,15248,40478,10312,116524,80,12717,3172,6822,74241,13708,405643,3099,24108,10662,138684,521,6097,40331,855883,37121,145325,1887,1962,30801,108624,40190,262014,27163,303201,32470,85781,62662,2463964,26547,36223,4025,3773,14246,19852,3169,1909,3329,4346,0,0,0,0,251,298,58980,333499,60379,358072,13692,29094,49723,154464
31,"$75,000 under $100,000",44935,21906,22687,96466,29025,3901645,37694,2949535,31324,47336,16824,71027,15074,47154,8298,117172,69,12861,9031,6280,88577,11349,436770,2052,16220,8615,140778,633,7449,36684,882437,34663,194243,965,1235,29718,117238,36643,320339,26228,326322,30257,88377,44614,2596906,21499,31470,4421,4329,11328,17421,2973,1738,672,894,0,0,0,0,661,1069,43727,387009,44091,411039,10330,29135,34449,132269
31,"$100,000 under $200,000",87901,65505,42296,233643,79555,12305925,77753,9534678,73107,138859,46116,238587,42282,168112,20045,453101,223,36098,73072,13278,285668,22113,1056293,3291,24939,15548,306321,3157,48658,82400,2720304,79470,759244,1186,2216,75223,384273,82350,1162704,66739,1032932,73713,268457,87624,8687698,47485,57028,12835,14142,14919,18547,9953,5232,200,258,0,0,0,0,8244,17027,87220,1539100,87443,1622018,26965,114076,60668,313263
31,"$200,000 or more",45809,41255,28819,142251,55083,21496273,40975,12116217,42911,431105,34215,681975,32430,497376,12845,1026270,210,30439,1613706,6540,335252,10465,600595,742,5576,6432,154272,6589,256980,45589,3900709,44505,1679161,563,1555,43713,413928,45578,2107113,38236,889619,43178,572586,45720,17117933,27029,105686,7274,11295,0,0,6470,3313,0,0,0,0,0,0,38420,322406,45708,4696988,45748,4917876,20959,383388,24617,560700
,,,,,,,,,,,,,,,,,,,,,,,,,,,,,,,,,,,,,,,,,,,,,,,,,,,,,,,,,,,,,,,,,,,,,,
33,Prince George's County,437446,103950,235682,848026,289393,23894345,378426,19554358,143858,109900,43511,93604,36455,61829,80272,273490,533,27789,77845,21848,262447,86080,2407361,30660,240195,36652,387374,1089,15494,224989,5740918,203685,1108586,10356,8698,162421,687733,223786,1859739,155998,1933510,192516,941219,351592,14145423,154968,185668,22540,20400,78207,83849,32890,21407,69158,89746,75219,160099,66254,135231,12897,39231,301818,2263851,328801,2270432,74419,204275,355087,1099650
33,Under $1,3620,587,1764,4873,862,-32096,945,25834,948,1678,511,789,437,505,1313,-18316,32,608,827,149,1825,293,4205,84,718,0,0,0,0,0,0,0,0,0,0,0,0,0,0,0,0,0,0,0,0,0,0,0,0,0,0,0,0,159,230,410,468,296,306,0,0,0,0,513,1568,256,399,1819,14069
33,"$1 under $25,000",140428,10304,74436,223197,74774,1829802,110392,1434313,18817,9743,5242,6398,4275,3531,29458,148403,91,3360,-1395,3201,17673,14118,151427,12427,97892,3160,6588,78,290,20629,282630,12719,15727,4506,2274,9755,34025,20014,55868,9009,85006,13387,31510,65165,388234,24809,10977,429,190,8003,2902,2592,1078,37963,45461,51219,124300,45933,104857,30,582,46036,31337,67163,61596,14729,9312,119941,270011
33,"$25,000 under $50,000",117765,16843,63652,230944,84250,4307678,105435,3709863,27112,15056,6337,8277,5165,4927,16409,1683,83,3911,-1111,4341,33183,19936,415563,9775,76933,10603,58517,105,520,53800,913218,47220,107360,3573,2932,28035,95894,53429,216253,26803,243343,43564,150255,111750,2118319,55065,61371,3334,2451,31369,28783,11373,8036,25759,37093,23590,35331,20025,30068,39,58,86618,206182,90674,221781,16029,23329,101344,291079
33,"$50,000 under $75,000",72131,16947,39654,140856,47628,4423716,64810,3714691,29696,17357,7496,11326,6078,6949,11328,3867,89,4554,-186,4452,39839,17451,502726,3647,26275,8825,101447,124,934,53584,1171787,50305,192592,1286,1787,38480,141466,53458,347719,37187,380433,46760,198960,71419,2603332,30822,48098,5466,4685,19475,26348,6508,4231,4446,5871,0,0,0,0,477,427,66787,334696,67836,347192,13784,29316,58236,193162
33,"$75,000 under $100,000",42392,16322,23176,89741,29198,3661855,38809,3041564,23512,16022,7017,12587,5868,8190,7929,10217,73,4327,1301,3456,42475,12311,417927,2113,16139,5979,85354,144,1408,37717,1019122,36018,198193,567,801,31025,127838,37667,336446,30168,365439,33713,168897,42224,2275217,17931,28409,4584,4214,10770,14827,3989,2629,718,933,0,0,0,0,1361,1655,41477,337578,41675,348681,9368,25500,32983,130674
33,"$100,000 under $200,000",52983,35694,28413,135154,44925,7085780,50247,5929936,36924,32112,13367,30297,11461,21062,11719,59192,127,8385,14194,5286,91192,18616,729387,2414,18596,7123,116617,364,4553,51182,1852738,49579,436592,348,736,47318,233410,51147,686023,45478,697577,47423,307504,52912,4728189,23157,32411,7507,7440,8590,10989,7188,4677,113,158,0,0,0,0,4918,8690,52782,822831,52821,847018,15916,63344,37005,165729
33,"$200,000 or more",8127,7253,4587,23261,7756,2617610,7788,1698157,6849,17932,3541,23930,3171,16665,2116,68444,38,2644,64215,963,36260,3355,186126,200,3642,962,18851,274,7789,8077,501423,7844,158122,76,168,7808,55100,8071,217430,7353,161712,7669,84093,8122,2032132,3184,4402,1220,1420,0,0,1240,756,0,0,0,0,0,0,6072,27819,8118,531227,8119,442596,4337,53075,3759,34926
,,,,,,,,,,,,,,,,,,,,,,,,,,,,,,,,,,,,,,,,,,,,,,,,,,,,,,,,,,,,,,,,,,,,,,
35,Queen Anne's County,22831,10489,13555,45623,13543,1626023,18806,1147786,12479,25981,5927,26834,5377,20105,4450,51271,383,4258,47632,2612,44668,5136,141103,1807,12792,3504,47512,197,3297,11986,344586,10854,85043,818,691,11020,40740,11956,128285,10096,138773,9983,31520,18428,1073204,8045,10497,1739,1788,3815,4943,1167,686,1929,2452,2449,4717,2022,3926,1061,6299,16883,191251,18063,202256,4648,22890,17392,56715
35,Under $1,425,166,335,733,179,-5925,140,3991,245,1011,152,379,138,261,181,-2299,49,179,2291,43,1820,57,566,0,0,0,0,0,0,0,0,0,0,0,0,0,0,0,0,0,0,0,0,0,0,0,0,0,0,0,0,0,0,31,46,60,80,39,59,0,0,0,0,85,205,38,77,204,793
35,"$1 under $25,000",7035,891,3795,8563,2033,82690,5331,58950,2141,2555,926,1730,831,1124,1068,6140,61,607,-153,482,2777,958,8749,625,4238,312,577,0,0,894,14922,431,659,355,171,713,2121,873,3001,558,5508,625,896,3368,19680,867,325,46,18,243,83,76,28,1005,1176,1683,3472,1442,2981,0,0,2738,1768,3495,2938,864,545,5647,9030
35,"$25,000 under $50,000",4533,1350,2615,8415,2395,166450,3773,124982,2006,2500,838,1769,720,1144,746,7095,61,513,93,485,3986,953,16981,480,3424,873,5633,0,0,1771,30005,1470,3399,230,167,1492,3874,1766,7565,1365,12962,1311,2323,4282,86256,1681,1510,199,135,910,849,201,127,683,981,706,1165,541,886,0,0,3624,9253,3868,10683,699,1085,3791,9106
35,"$50,000 under $75,000",3030,1570,1906,6492,1868,187184,2532,133465,1899,2666,844,2677,784,1878,652,6669,47,602,796,425,5299,839,21708,268,1996,738,10449,35,269,2111,43912,1947,7464,117,134,1916,5632,2109,13448,1762,18828,1682,3454,2983,111889,1325,1869,304,251,760,1148,166,94,161,191,0,0,0,0,43,36,2800,13839,2871,15230,688,1510,2328,7190
35,"$75,000 under $100,000",2631,1948,1651,6692,2102,228768,2313,172276,1877,2560,836,2292,753,1642,574,5368,43,553,912,383,6087,760,24883,185,1296,559,9906,20,247,2193,52383,2101,11362,52,75,2060,6428,2192,18128,1932,23588,1835,3788,2626,147106,1398,2353,336,315,876,1456,204,120,49,58,0,0,0,0,0,0,2568,19182,2586,20420,588,1566,2037,7703
35,"$100,000 under $200,000",4126,3620,2498,11837,4070,557474,3771,430163,3356,5066,1661,6520,1530,4886,937,13065,75,1221,4534,625,15047,1243,48275,218,1616,800,15769,75,896,3979,127082,3886,34137,64,144,3825,14840,3978,49640,3580,55484,3565,10717,4120,385642,2299,3319,671,716,1026,1407,461,278,0,0,0,0,0,0,216,499,4105,63616,4108,66608,1257,5750,2857,14184
35,"$200,000 or more",1051,944,755,2891,896,409382,946,223959,955,9623,670,11467,621,9170,292,15233,47,583,39159,169,9652,326,19941,31,222,222,5178,67,1885,1038,76282,1019,28022,0,0,1014,7845,1038,36503,899,22403,965,10342,1049,322631,475,1121,183,353,0,0,59,39,0,0,0,0,0,0,802,5764,1048,83593,1050,86172,514,12357,528,8709
,,,,,,,,,,,,,,,,,,,,,,,,,,,,,,,,,,,,,,,,,,,,,,,,,,,,,,,,,,,,,,,,,,,,,,
37,St. Mary's County,48461,20867,24214,100473,32911,3322187,42251,2686468,23924,28878,9291,20879,8299,14465,6605,53851,766,5793,30984,3214,40466,11392,320392,2826,20203,4984,58020,207,3988,24147,616716,22086,165570,1297,1362,21656,68906,24082,240027,20247,248904,19715,60814,40626,2214035,18104,23180,3377,3410,9461,12537,3005,1817,4536,5729,5883,12432,5198,11035,1626,6251,37352,370018,39008,382480,8751,25410,38505,120727
37,Under $1,465,141,325,674,125,-5340,134,3887,219,770,126,272,105,191,168,-1862,57,156,1641,31,198,68,988,0,0,0,0,0,0,0,0,0,0,0,0,0,0,0,0,0,0,0,0,0,0,0,0,0,0,0,0,0,0,22,29,51,46,34,26,0,0,0,0,62,134,31,25,219,835
37,"$1 under $25,000",13700,1408,6607,18285,5429,167359,10956,128998,3164,2590,1057,1324,918,821,1628,9930,165,621,153,490,2335,1666,17616,998,6958,410,654,21,112,1204,18972,621,873,424,244,865,2303,1169,3517,691,6359,760,1204,6791,40957,1932,726,62,23,528,196,162,65,2569,2943,4092,9618,3713,8656,0,0,5531,3671,6693,5380,1327,699,11547,21669
37,"$25,000 under $50,000",9579,2534,4935,18297,5906,350948,8180,281690,3361,3064,998,1979,892,1251,1086,6679,174,622,187,568,4483,1945,40828,748,5671,1382,7895,0,0,2913,48274,2410,5698,341,277,2319,5841,2893,12200,2077,18803,2166,4587,9186,186777,3891,3847,335,257,2242,2141,518,338,1544,2227,1740,2768,1451,2353,0,0,7618,19794,7935,21281,1243,1469,8221,21479
37,"$50,000 under $75,000",7396,3035,3843,15199,4635,457712,6523,371697,3955,4040,1316,2488,1171,1580,977,5952,112,778,635,577,5435,1808,50296,428,2949,1160,14620,0,0,4398,84646,4051,15857,210,260,3801,9824,4392,26601,3557,35831,3328,7702,7347,292491,3157,4733,550,474,2086,3152,454,256,293,368,0,0,0,0,0,0,7024,38419,7107,40025,1371,2522,6002,19017
37,"$75,000 under $100,000",5722,3658,2896,14196,4760,499120,5300,417424,3771,3339,1457,2615,1291,1716,838,4943,79,871,464,488,5883,1600,48508,292,2134,776,12282,22,186,4624,103742,4351,24608,148,249,4140,11865,4620,37421,3962,45349,3673,9911,5708,332277,2982,5166,663,599,2035,3454,484,297,85,130,0,0,0,0,65,83,5613,46008,5634,47516,1087,2399,4628,18079
37,"$100,000 under $200,000",9962,8543,4736,29081,10508,1352035,9585,1150455,7943,8573,3426,6485,3069,4449,1598,14918,137,2017,5329,859,15087,3503,118280,336,2311,1049,18515,89,1353,9381,274332,9053,82913,174,332,8949,30364,9381,115450,8534,116296,8233,26483,9957,965309,5469,7991,1513,1650,2570,3594,1232,776,23,32,0,0,0,0,389,648,9929,163493,9940,167133,2911,9098,7035,30283
37,"$200,000 or more",1637,1548,872,4741,1548,500353,1573,332317,1511,6502,911,5716,853,4457,310,13291,42,728,22575,201,7045,802,43876,24,180,207,4054,75,2337,1627,86750,1600,35621,0,0,1582,8709,1627,44838,1426,26266,1555,10927,1637,396224,673,717,254,407,0,0,155,85,0,0,0,0,0,0,1172,5520,1637,98633,1637,101011,781,9198,853,9365
,,,,,,,,,,,,,,,,,,,,,,,,,,,,,,,,,,,,,,,,,,,,,,,,,,,,,,,,,,,,,,,,,,,,,,
39,Somerset County,9029,3244,5237,17683,5240,334672,7455,242419,2846,4898,1244,3810,1117,2792,1499,8983,210,848,3312,700,7657,1895,35709,929,5786,1174,12230,21,253,2564,49408,2311,11724,169,156,2240,5326,2558,17549,1994,15520,2080,7111,6226,189984,2596,2607,498,411,1356,1444,287,154,1590,1893,2422,5110,2127,4539,61,306,5364,26211,5970,28534,1409,3286,7316,19403
39,Under $1,185,55,95,255,22,-1572,28,460,53,80,32,84,30,29,55,-1172,0,38,-7,0,0,0,0,0,0,0,0,0,0,0,0,0,0,0,0,0,0,0,0,0,0,0,0,0,0,0,0,0,0,0,0,0,0,0,0,0,0,0,0,0,0,0,0,25,30,0,0,99,145
39,"$1 under $25,000",4251,756,2345,7290,2292,53208,3378,38938,735,811,304,494,265,298,665,3865,74,193,16,217,1124,593,5286,575,3222,139,207,0,0,275,3757,172,234,75,37,203,445,271,739,169,1126,185,331,1723,9906,564,204,35,13,227,86,34,12,1137,1270,1881,4218,1690,3813,0,0,1330,847,1814,1536,439,241,3614,8271
39,"$25,000 under $50,000",2381,774,1287,4818,1516,85155,2063,66208,712,1045,275,522,238,384,338,2408,43,170,332,191,1473,535,8614,207,1574,474,2730,21,253,729,10506,633,1480,63,47,615,1157,727,2839,550,3623,553,1383,2296,43392,1006,896,150,99,579,528,111,63,409,575,541,892,437,726,0,0,1881,4391,1962,4937,348,520,2019,5271
39,"$50,000 under $75,000",1104,706,717,2517,683,67390,987,50076,584,1022,227,541,209,386,207,1173,55,154,257,124,1172,353,7909,85,510,272,3718,0,0,650,11401,625,2482,31,72,574,1293,650,3850,528,3977,537,1662,1101,42118,480,671,137,99,281,422,61,35,44,48,0,0,0,0,0,0,1054,5080,1068,5441,268,480,832,2440
39,"$75,000 under $100,000",614,517,416,1535,394,52637,555,38471,390,557,186,676,170,537,120,773,0,115,312,81,959,231,6834,40,281,162,2865,0,0,459,9321,442,2505,0,0,425,1000,459,3584,384,2939,407,1421,613,35988,317,464,101,86,177,277,49,27,0,0,0,0,0,0,0,0,608,4645,609,4913,157,358,456,1497
39,"$100,000 under $200,000",425,373,314,1095,292,54083,383,36948,307,667,173,744,160,565,114,1936,38,130,753,87,2929,162,6352,22,199,106,2283,0,0,383,10185,375,3232,0,0,361,1034,383,4309,321,3056,338,1607,424,39690,198,327,75,114,92,131,32,17,0,0,0,0,0,0,0,0,422,6451,423,6741,160,876,264,1196
39,"$200,000 or more",69,63,63,173,41,23771,61,11318,65,716,47,749,45,593,0,0,0,48,1649,0,0,21,714,0,0,21,427,0,0,68,4238,64,1791,0,0,62,397,68,2228,42,799,60,707,69,18890,31,45,0,0,0,0,0,0,0,0,0,0,0,0,61,306,69,4797,69,4936,37,811,32,583
,,,,,,,,,,,,,,,,,,,,,,,,,,,,,,,,,,,,,,,,,,,,,,,,,,,,,,,,,,,,,,,,,,,,,,
41,Talbot County,18576,7863,10609,34880,9096,1396994,13769,736919,10539,35274,6017,87728,5587,50700,3786,56405,243,4822,110530,3090,65109,4736,126861,1424,9944,4102,60443,238,5357,8330,259786,7107,64354,980,803,7476,24904,8289,90975,6309,81087,6934,34091,14324,970671,6293,10185,1084,1392,2428,2883,726,390,1882,2255,2627,5270,2241,4532,873,6467,12810,188660,13948,200163,4084,21034,13552,49611
41,Under $1,442,159,366,619,97,-5722,118,3698,283,2022,213,1858,202,1203,176,-1616,24,258,4671,50,1359,56,687,0,0,0,0,0,0,0,0,0,0,0,0,0,0,0,0,0,0,0,0,0,0,0,0,0,0,0,0,0,0,0,0,41,47,26,36,20,32,0,0,94,192,44,83,186,819
41,"$1 under $25,000",6567,884,3229,9023,2345,81175,4788,55680,2241,2421,1089,2803,995,1666,1054,7410,41,813,-526,556,3488,967,8024,670,4242,370,696,0,0,891,15270,383,547,407,195,661,1355,862,2140,512,4779,589,900,3046,18113,869,319,36,14,290,105,79,28,1192,1356,1936,4165,1692,3652,0,0,2400,1597,3107,2877,806,559,5164,9765
41,"$25,000 under $50,000",4056,1271,2147,7539,2052,146472,3227,102551,1954,3182,946,4595,865,3061,721,7562,33,676,496,541,4811,918,14571,390,2843,962,6419,39,599,1492,27511,1171,2583,271,237,1242,2542,1486,5461,1080,10069,1092,2306,3834,73917,1567,1291,182,138,761,707,164,90,569,745,650,1058,523,844,0,0,3174,7679,3408,9289,704,988,3274,7825
41,"$50,000 under $75,000",2481,1348,1481,5155,1303,153041,1853,94156,1705,3481,927,4962,840,3435,541,6070,30,669,815,541,6733,830,21907,172,1374,844,12415,0,0,1575,31540,1395,4829,143,125,1428,3269,1572,8355,1245,12525,1302,3072,2447,94501,1095,1376,213,186,538,816,133,75,101,132,0,0,0,0,0,0,2310,11677,2385,12962,690,1617,1774,5197
41,"$75,000 under $100,000",1719,1335,1052,4088,1026,149475,1279,87962,1386,3520,788,5441,729,3879,403,5171,28,649,1949,408,7470,666,22395,90,631,648,12117,28,253,1290,31140,1189,5838,72,102,1195,3116,1288,9226,1043,12254,1086,3341,1703,98937,880,1276,189,180,431,693,131,74,20,22,0,0,0,0,0,0,1662,12739,1674,13913,525,1531,1172,4231
41,"$100,000 under $200,000",2334,2017,1514,6005,1649,313821,1767,178826,2035,7206,1303,14338,1236,10698,589,10513,43,1046,6651,704,22876,944,40241,102,854,883,19215,73,969,2117,66832,2031,16479,66,105,2021,6839,2116,23687,1719,24101,1931,7921,2320,222933,1322,1873,329,488,408,562,183,101,0,0,0,0,0,0,137,346,2291,36342,2305,38711,863,4734,1461,7684
41,"$200,000 or more",977,849,820,2451,624,558732,737,214046,935,13442,751,53731,720,26758,302,21295,44,711,96474,290,18372,355,19036,0,0,395,9581,98,3536,965,87493,938,34078,21,39,929,7783,965,42106,710,17359,934,16551,974,462270,560,4050,135,386,0,0,36,22,0,0,0,0,0,0,716,6089,973,118626,975,122219,452,11522,521,14090
,,,,,,,,,,,,,,,,,,,,,,,,,,,,,,,,,,,,,,,,,,,,,,,,,,,,,,,,,,,,,,,,,,,,,,
43,Washington County,66548,27350,35898,131124,39741,3344236,56506,2559205,26218,40996,11160,37895,9930,27279,8331,108739,825,7497,49226,6152,70850,14071,254350,8158,54448,8243,87178,241,4178,24669,553418,22510,139947,1455,1075,22396,62365,24583,206129,20230,205655,18602,65854,52194,2088753,22404,27166,3496,2991,11857,15060,3498,1719,7837,9566,11480,23107,10084,20592,1092,6319,46750,320155,49732,338316,9303,25051,55228,156796
43,Under $1,723,253,538,1160,244,-8441,203,5682,342,2115,232,626,208,417,268,-1063,74,262,2721,61,831,107,1084,21,185,0,0,0,0,0,0,0,0,0,0,0,0,0,0,0,0,0,0,0,0,0,0,0,0,0,0,0,0,36,52,93,107,65,76,0,0,0,0,123,222,53,42,332,1005
43,"$1 under $25,000",25001,3609,12482,35537,9944,313692,19570,222618,5535,5701,2259,3661,1954,1999,2599,16439,193,1496,-309,1748,8965,4066,36130,3217,22024,1207,1917,30,168,2093,31997,1141,1622,728,331,1616,3722,2037,5785,1225,9501,1318,2631,11966,73325,3349,1148,134,59,953,329,256,88,4692,5216,8132,17736,7366,16070,25,103,9792,6749,11855,9681,2151,1093,21337,40995
43,"$25,000 under $50,000",16938,5413,8955,32244,9529,613358,14877,489583,5572,6522,2192,4391,1910,2633,1731,12769,167,1388,919,1454,11148,3529,54015,2385,16221,2986,17434,0,0,4856,74217,4250,10265,442,322,4145,9415,4840,20378,3717,29037,3155,7432,16414,326424,6719,6019,688,452,3782,3638,833,425,2556,3556,3255,5264,2653,4446,0,0,13798,34632,14426,37760,1904,2384,14936,38262
43,"$50,000 under $75,000",10000,6134,5816,23261,7024,616371,9038,489674,5058,5582,1983,4099,1740,2573,1396,10867,118,1246,2162,1082,12391,2551,53002,1425,8961,1864,25748,25,199,5712,102814,5424,21059,146,161,5223,12632,5702,34460,4788,42524,4165,10668,9947,386257,4635,6928,827,639,3001,4667,708,333,476,634,0,0,0,0,0,0,9423,46883,9569,49674,1754,3065,8212,24695
43,"$75,000 under $100,000",6244,5049,3606,16607,5277,539723,5717,431932,3891,5033,1572,4464,1433,3006,974,9000,101,1024,3053,824,11494,1735,42829,681,4169,1129,20587,30,319,4836,101381,4674,25796,81,89,4525,11905,4833,38331,4232,41925,3773,10176,6235,362106,3384,5773,711,568,2216,3792,636,324,77,108,0,0,0,0,32,43,6142,46422,6158,48708,1207,2579,5016,18125
43,"$100,000 under $200,000",6594,5962,3700,19264,6660,856723,6163,703345,4875,7111,2257,8099,2048,5968,1122,14987,123,1487,9319,811,18392,1804,54535,406,2688,883,17369,68,838,6139,169646,6009,52214,58,172,5891,18761,6138,72111,5447,66564,5254,18349,6587,612226,3799,5809,989,1022,1905,2634,972,499,0,0,0,0,0,0,236,432,6549,98993,6555,102615,1780,6922,4804,21985
43,"$200,000 or more",1048,930,801,3051,1063,412810,938,216371,945,8932,665,12555,637,10683,241,45740,49,594,31361,172,7629,279,12755,23,200,174,4123,88,2654,1033,73363,1012,28991,0,0,996,5930,1033,35064,821,16104,937,16598,1045,328415,518,1489,147,251,0,0,93,50,0,0,0,0,0,0,799,5741,1046,86476,1046,89656,454,8966,591,11729
,,,,,,,,,,,,,,,,,,,,,,,,,,,,,,,,,,,,,,,,,,,,,,,,,,,,,,,,,,,,,,,,,,,,,,
45,Wicomico County,43930,15113,21858,87913,28551,1996345,37912,1521928,15763,29464,7156,25959,6460,19219,5565,45155,421,4824,25958,3857,50934,7668,142187,4157,27039,5210,59986,141,2018,15019,319335,13699,85932,877,588,13512,32008,14956,120328,12099,107488,12265,39457,32224,1216900,14230,15972,2333,2092,7406,8354,2262,1191,7567,10084,9825,21511,8825,19712,747,4664,27883,191022,30005,201208,6415,17567,36296,102620
45,Under $1,582,201,415,899,164,-7451,155,5298,264,533,153,406,145,258,195,-2195,41,189,1392,46,962,59,489,0,0,0,0,0,0,0,0,0,0,0,0,0,0,0,0,0,0,0,0,0,0,0,0,0,0,0,0,0,0,39,58,68,87,44,59,0,0,0,0,95,151,52,43,247,1269
45,"$1 under $25,000",19585,2181,8620,32248,11123,255407,16415,204272,3451,3699,1481,2355,1290,1417,1934,11481,118,947,-143,967,5194,2139,17621,2186,13078,708,1290,0,0,1524,22013,893,1207,448,203,1136,2210,1480,3708,922,6921,1053,2082,8994,52506,2935,1043,110,38,1146,398,278,93,5310,6748,7560,17805,6966,16599,0,0,6804,4584,8360,6635,1600,800,17120,38281
45,"$25,000 under $50,000",10571,2963,4842,21247,6853,377514,9428,306997,3373,4265,1293,3013,1144,2043,1119,7032,65,815,102,855,7557,1919,29437,1034,7444,1737,10717,25,124,3354,48309,2995,7197,252,180,2850,5199,3340,12897,2554,17825,2525,5459,10079,195307,4474,4105,520,357,2592,2451,594,335,1956,2955,2197,3619,1815,3054,0,0,8241,20084,8613,21739,1417,1670,9110,23744
45,"$50,000 under $75,000",5693,3300,3199,12853,3774,349040,5066,270898,3084,4135,1335,3324,1204,2294,891,6291,66,845,787,769,9115,1492,30404,508,3541,1231,17296,0,0,3566,63232,3398,13699,105,96,3268,6532,3562,20597,3003,23838,2837,7083,5660,218714,2680,3940,622,480,1623,2411,471,246,229,282,0,0,0,0,28,27,5402,26513,5485,28212,1192,2242,4485,13118
45,"$75,000 under $100,000",3310,2696,2009,8662,2626,286320,2993,218520,2224,3318,967,3120,880,2310,570,5527,39,622,1226,546,8622,937,24296,258,1747,724,13790,22,254,2636,54656,2548,14389,43,64,2477,5677,2635,20530,2288,20530,2234,6584,3305,192680,1798,3112,442,428,1127,1807,402,232,33,41,0,0,0,0,0,0,3265,24562,3275,25919,747,1926,2561,8949
45,"$100,000 under $200,000",3497,3147,2202,9915,3247,453210,3219,348522,2729,6156,1441,6049,1333,4583,687,8182,92,989,4704,569,13928,998,34272,171,1229,687,13998,50,656,3250,86600,3184,28315,29,45,3118,8688,3250,37647,2792,29229,2976,11672,3494,327535,1984,3130,535,631,918,1287,473,257,0,0,0,0,0,0,159,286,3479,53100,3485,55156,1101,4561,2390,10822
45,"$200,000 or more",692,625,571,2089,764,282305,636,167421,638,7358,486,7692,464,6314,169,8837,0,417,17890,105,5556,124,5668,0,0,123,2895,44,984,689,44525,681,21125,0,0,663,3702,689,24949,540,9145,640,6577,692,230158,359,642,104,158,0,0,44,28,0,0,0,0,0,0,560,4351,692,62179,692,63396,306,6325,383,6437
,,,,,,,,,,,,,,,,,,,,,,,,,,,,,,,,,,,,,,,,,,,,,,,,,,,,,,,,,,,,,,,,,,,,,,
47,Worcester County,27580,10629,15338,49503,12209,1442218,21371,837086,13262,42160,7122,34530,6401,24936,4233,49955,324,5071,59573,3885,56089,7040,186378,3549,21765,5400,66082,136,1909,10135,250359,8595,49721,1160,878,9300,30568,10090,82568,8048,90727,8398,27020,20722,932836,7860,9027,1670,1622,3233,3663,852,438,2917,3447,4404,8833,3759,7821,581,3762,18668,158238,20092,168239,5320,25601,21242,60858
47,Under $1,526,223,438,871,163,-8493,192,7508,315,6247,218,1345,197,1151,203,-1194,29,261,866,71,1534,69,898,25,193,0,0,0,0,0,0,0,0,0,0,0,0,0,0,0,0,0,0,0,0,0,0,0,0,0,0,0,0,37,57,66,61,51,49,0,0,0,0,106,296,48,125,254,1628
47,"$1 under $25,000",11464,1538,5515,15822,3963,143489,8883,101189,3150,3947,1497,2524,1326,1467,1413,9272,53,1006,-390,879,5098,1686,15592,1795,9195,583,1087,30,146,1303,20735,656,847,507,251,1085,2689,1282,3861,846,8048,893,1288,5454,32351,1415,506,89,38,460,148,99,38,1981,2225,3375,7222,2959,6553,0,0,4419,2942,5417,4574,1189,777,9558,17502
47,"$25,000 under $50,000",6356,2102,3398,11462,2793,228613,5069,155403,2811,4371,1379,3377,1248,2290,878,8394,63,887,-272,882,8079,1683,31820,942,6604,1668,10543,0,0,2118,35124,1653,3203,371,276,1839,4378,2103,8224,1608,13227,1644,3074,6077,119466,2249,1880,367,253,1067,995,220,114,760,992,963,1550,749,1219,0,0,5252,12812,5504,14451,1196,1569,5110,12115
47,"$50,000 under $75,000",3648,2170,2260,7638,1783,224454,2739,133567,2456,5017,1278,3562,1152,2350,621,6896,63,846,1350,766,9918,1414,40856,422,3028,1272,17701,33,374,2148,40253,1933,6125,146,147,1986,5105,2143,11582,1737,16439,1805,3926,3624,141117,1547,2012,437,379,757,1085,179,93,118,155,0,0,0,0,0,0,3477,17585,3530,19292,998,2045,2639,7961
47,"$75,000 under $100,000",2379,1855,1465,5551,1306,206322,1844,121351,1808,3798,996,3710,852,2612,416,6030,38,691,1789,566,10027,974,37490,213,1552,883,16275,0,0,1710,38284,1614,6684,53,65,1633,4830,1707,11842,1448,16214,1455,3953,2373,140383,1085,1603,311,307,542,878,151,84,21,18,0,0,0,0,0,0,2344,18720,2350,19951,671,1881,1701,6290
47,"$100,000 under $200,000",2552,2185,1708,6474,1727,337085,2089,203405,2106,7168,1286,7024,1186,5323,508,10718,53,952,6399,583,14623,1015,48142,152,1193,813,16455,45,782,2215,64867,2126,15465,63,102,2141,8218,2214,24092,1920,25603,2002,6878,2546,245088,1250,1754,370,431,407,557,176,93,0,0,0,0,0,0,121,403,2527,40993,2535,43054,901,4605,1647,8269
47,"$200,000 or more",655,556,554,1685,474,310748,555,114663,616,11612,468,12988,440,9743,194,9839,25,428,49831,138,6810,199,11580,0,0,181,4021,28,607,641,51096,613,17397,20,37,616,5348,641,22967,489,11196,599,7901,648,254431,314,1272,96,214,0,0,27,16,0,0,0,0,0,0,460,3359,649,65186,650,66621,317,14599,333,7093
,,,,,,,,,,,,,,,,,,,,,,,,,,,,,,,,,,,,,,,,,,,,,,,,,,,,,,,,,,,,,,,,,,,,,,
510,Baltimore city,265479,42948,133408,490343,158729,11884756,229611,9251575,75552,108933,30541,333676,27109,286398,38247,293231,86,20940,351670,12309,167301,39495,685431,23375,162067,19417,209032,1255,25662,88901,1995061,80257,503098,4453,4138,68448,242946,88372,756645,62406,517850,73072,321645,197366,7301809,83590,108260,10928,8363,39242,37057,16886,10321,54438,65565,76303,174986,69882,155430,5521,41664,163228,1214064,180472,1279887,34477,109991,225139,703997
510,Under $1,3159,349,1405,3700,484,-20249,687,17935,896,3485,667,2024,607,1211,794,-12240,0,824,10079,112,2378,166,1866,49,380,0,0,0,0,0,0,0,0,0,0,0,0,0,0,0,0,0,0,0,0,0,0,0,0,0,0,0,0,78,117,320,233,247,160,0,0,0,0,333,565,150,245,1731,5395
510,"$1 under $25,000",115416,6801,58836,198369,67701,1518839,92654,1176005,15674,10872,5907,9603,5015,5640,18942,112555,30,3642,-1029,3208,16171,13135,123092,13684,90838,3025,5540,50,269,10261,126127,6250,8228,2329,1226,6343,15194,9980,26502,5425,34129,6799,15149,52667,315750,20026,8046,612,242,7453,2582,2970,1134,36842,41511,56259,143231,52744,127623,25,145,36912,26036,51466,46763,8649,5605,102606,265722
510,"$25,000 under $50,000",80462,8637,38291,153675,52984,2870468,74644,2543183,19599,12215,5875,11231,5091,7464,7612,16593,0,3523,850,2978,21863,11586,177709,6154,45716,7158,43403,90,711,27190,399490,24699,60345,1281,1412,18943,44444,27028,110279,17743,109601,21784,62655,78515,1531036,36691,37791,3346,2197,19949,17917,8663,6090,16181,22038,19724,31522,16891,27647,24,59,61658,155893,63643,164273,10328,13781,69869,190756
510,"$50,000 under $75,000",32917,7602,16159,59590,16633,1996248,30621,1718289,15294,10357,5252,13140,4627,8857,4093,18969,22,3262,2505,2137,23312,6652,133879,1890,13320,4199,57998,95,864,21360,387321,20231,80658,447,679,17018,46550,21310,131251,15793,114303,18031,59526,32759,1305221,12196,17617,2939,2235,6626,9266,2311,1449,1157,1603,0,0,0,0,127,158,31475,178902,31755,184979,5941,11668,26900,82033
510,"$75,000 under $100,000",14538,6500,7498,29542,7822,1248894,13525,1046721,9000,8259,3609,12493,3180,8833,2277,18687,0,2387,3538,1374,19892,3468,85532,839,6120,2156,38294,112,1162,12072,274743,11620,66357,159,303,9969,31991,12049,100788,9160,78007,10169,37788,14484,859377,5817,8706,1664,1362,2997,4377,1110,648,149,233,0,0,0,0,293,387,14315,131138,14376,136059,3130,8732,11388,42085
510,"$100,000 under $200,000",14401,9529,7862,33480,9250,1906354,13387,1550098,10918,15276,5870,32803,5397,24531,3067,49269,34,4318,16515,1748,39776,3517,111865,687,5091,2104,43642,319,5005,13467,390858,13063,118788,146,279,11958,62908,13459,175196,10756,116606,12020,53641,14366,1385161,6411,7928,1867,1690,2217,2915,1426,788,31,63,0,0,0,0,1179,2562,14295,248469,14324,258712,4202,18960,10164,50125
510,"$200,000 or more",4586,3530,3357,11987,3855,2364202,4093,1199344,4171,48469,3361,252382,3192,229862,1462,89398,0,2984,319212,752,43909,971,51488,72,602,775,20155,589,17651,4551,416522,4394,168722,91,239,4217,41859,4546,212629,3529,65204,4269,92886,4575,1905264,2449,28172,500,637,0,0,406,212,0,0,0,0,0,0,3873,38353,4573,473626,4575,488536,2077,51000,2481,67881
"** - Not shown to avoid disclosure of information 
about specific taxpayers.  However, the data are 
combined with data in an adjacent size class, 
as appropriate, and included in the appropriate totals.",,,,,,,,,,,,,,,,,,,,,,,,,,,,,,,,,,,,,,,,,,,,,,,,,,,,,,,,,,,,,,,,,,,,,,
"[1] The County Federal Information Processing System (FIPS) 
Codes used for these statistics were derived from the 
U.S. Census Bureau.  A complete list of codes can be obtained from",,,,,,,,,,,,,,,,,,,,,,,,,,,,,,,,,,,,,,,,,,,,,,,,,,,,,,,,,,,,,,,,,,,,,,
http://www.census.gov/popest/geographic/codes02.html,,,,,,,,,,,,,,,,,,,,,,,,,,,,,,,,,,,,,,,,,,,,,,,,,,,,,,,,,,,,,,,,,,,,,,
[2] Less deficit.,,,,,,,,,,,,,,,,,,,,,,,,,,,,,,,,,,,,,,,,,,,,,,,,,,,,,,,,,,,,,,,,,,,,,,
"[3] ""Qualified dividends"" are ordinary dividends received 
in tax years beginning after 2002 that meet certain 
conditions and receive preferential tax rates. 
The maximum qualified dividends tax rate is 15%.",,,,,,,,,,,,,,,,,,,,,,,,,,,,,,,,,,,,,,,,,,,,,,,,,,,,,,,,,,,,,,,,,,,,,,
"[4] Includes the Alaskan permanent fund, reported by 
residents of Alaska on Forms 1040A and 1040EZ's.  
This fund only applies to statistics in the totals, and the 
state of Alaska.",,,,,,,,,,,,,,,,,,,,,,,,,,,,,,,,,,,,,,,,,,,,,,,,,,,,,,,,,,,,,,,,,,,,,,
"[5] ""Earned income credit"" includes both the refundable 
and non-refundable portions.  The non-refundable portion 
could reduce income tax and certain related taxes to zero. 
The earned income credit amounts in excess of total tax 
liability, or amounts when there was no tax liability at all, 
were refundable.  See footnote 6 below for explanation 
of the refundable portion of the earned income credit.",,,,,,,,,,,,,,,,,,,,,,,,,,,,,,,,,,,,,,,,,,,,,,,,,,,,,,,,,,,,,,,,,,,,,,
"[6] The refundable portion of the ""earned income credit"" 
equals ""total income tax"" minus the ""earned income credit.""  
If the result is negative, this amount is considered the 
refundable portion.  No other refundable credits were 
taken into account for this calculation.",,,,,,,,,,,,,,,,,,,,,,,,,,,,,,,,,,,,,,,,,,,,,,,,,,,,,,,,,,,,,,,,,,,,,,
"[7]  ""Income tax"" reflects the amount reported on 
Form 1040 line 55.  It also includes data from 
Form 1040A and 1040EZ filers.  ",,,,,,,,,,,,,,,,,,,,,,,,,,,,,,,,,,,,,,,,,,,,,,,,,,,,,,,,,,,,,,,,,,,,,,
"[8] ""Total tax liability"" differs from ""Income tax,"" in that
""Total tax liability"" includes the taxes from recapture of 
certain prior-year credits, tax applicable to individual 
retirement arrangements (IRA's), social security taxes 
on self-employment income and on certain tip income, 
advanced earned income payments, household
employment taxes, and certain ""other taxes"" listed 
in the Form 1040 instructions.",,,,,,,,,,,,,,,,,,,,,,,,,,,,,,,,,,,,,,,,,,,,,,,,,,,,,,,,,,,,,,,,,,,,,,
"[9] Reflects payments to or withholdings made to 
""Total tax liability"".  This is the amount the tax filer 
owes when the income tax return is filed.",,,,,,,,,,,,,,,,,,,,,,,,,,,,,,,,,,,,,,,,,,,,,,,,,,,,,,,,,,,,,,,,,,,,,,
"[10]  The amount of overpayments the tax filer requested to 
have refunded. ",,,,,,,,,,,,,,,,,,,,,,,,,,,,,,,,,,,,,,,,,,,,,,,,,,,,,,,,,,,,,,,,,,,,,,
"NOTE: This table presents aggregates of all returns filed and
processed through the Individual Master File (IMF) system 
during Calendar Year 2011, including any returns filed for 
tax years preceding 2010.",,,,,,,,,,,,,,,,,,,,,,,,,,,,,,,,,,,,,,,,,,,,,,,,,,,,,,,,,,,,,,,,,,,,,,
"In general, during administrative or Master File processing, taxpayer
reporting discrepancies are corrected only to the extent necessary to
verify the total tax liability reported.  Most of the other corrections to
the taxpayer records used for these statistics could not be made
because of time and resource constraints.  The statistics in the 
county data should, therefore, be used with the knowledge that 
some of the data have not been perfected or edited for statistical 
purposes and that State totals in this table may not be altogether 
comparable to other State totals published by the IRS, 
Statistics of Income Division. ",,,,,,,,,,,,,,,,,,,,,,,,,,,,,,,,,,,,,,,,,,,,,,,,,,,,,,,,,,,,,,,,,,,,,,
Detail may not add to totals because of rounding.,,,,,,,,,,,,,,,,,,,,,,,,,,,,,,,,,,,,,,,,,,,,,,,,,,,,,,,,,,,,,,,,,,,,,,
"SOURCE: IRS, Statistics of Income Division, 
Individual Master File System, August 2014.",,,,,,,,,,,,,,,,,,,,,,,,,,,,,,,,,,,,,,,,,,,,,,,,,,,,,,,,,,,,,,,,,,,,,,
